<?xml version="1.0" encoding="UTF-8"?>
<Window> 
    <VBox>
        <Box bkcolor="red" padding="1,1,1,1" border_size="1" border_color="white">
            <Label width="80%" height="80%" text="Box: Label 1 width='80%' height='80%'" bkcolor="yellow" text_align="bottom"/>
            <Label width="50%" height="50%" text="Box: Label 2 width='50%' height='50%'" bkcolor="orange"/>
        </Box>
        <VBox bkcolor="green" padding="1,1,1,1" border_size="1" border_color="white">
            <Label width="80%" height="30%" text="VBox: Label 1 width='80%' height='30%'" bkcolor="yellow" text_align="bottom"/>
            <Label width="50%" height="70%" text="VBox: Label 2 width='50%' height='70%'" bkcolor="orange"/>
            <Label width="100%" height="80" text="VBox: Label 3 width='100%' height='80'" bkcolor="light_gray"/>
        </VBox>
        <HBox bkcolor="blue" padding="1,1,1,1" border_size="1" border_color="white">
            <Label width="70%" height="80%" text="HBox: Label 1 width='70%' height='80%'" bkcolor="yellow" text_align="bottom"/>
            <Label width="30%" height="50%" text="HBox: Label 2 width='30%' height='50%'" bkcolor="orange"/>
            <Label width="300" height="100%" text="VBox: Label 3 width='300' height='100%'" bkcolor="light_gray"/>
        </HBox>
    </VBox>
</Window>
