<?xml version="1.0" encoding="UTF-8"?>
<Window>
    <HBox width="auto" height="auto">
        <Control width="auto" height="auto" bkimage="file='bmp_test_24.bmp' width='140'" valign="center" margin="8"/>
        <Control width="auto" height="auto" bkimage="file='webp_test2.webp' width='140'" valign="center" margin="8"/>
        <Control width="auto" height="auto" bkimage="file='jpg_test.jpg' width='140'" valign="center" margin="8"/>
        <Control width="auto" height="auto" bkimage="file='icon_test.ico' width='140' icon_size='256'" valign="center" margin="8"/>
        <Control width="auto" height="auto" bkimage="file='autumn.png' width='140'" valign="center" margin="8"/>
        <Control width="auto" height="auto" bkimage="file='svg_test.svg' width='140'" valign="center" margin="8"/>
        <Control width="auto" height="auto" bkimage="file='gif_test2.gif' width='140'" valign="center" margin="8"/>               
    </HBox>
    <HBox width="auto" height="auto">
        <Label width="140" height="auto" text="BMP格式" text_align="center" margin="8"/>
        <Label width="140" height="auto" text="WEBP格式" text_align="center" margin="8"/>
        <Label width="140" height="auto" text="JPG格式" text_align="center" margin="8"/>
        <Label width="140" height="auto" text="ICO格式" text_align="center" margin="8"/>
        <Label width="140" height="auto" text="PNG格式" text_align="center" margin="8"/>
        <Label width="140" height="auto" text="SVG格式" text_align="center" margin="8"/>
        <Label width="140" height="auto" text="GIF格式" text_align="center" margin="8"/>
    </HBox>
    <HBox width="auto" height="auto">           
        <Control width="150" height="auto" bkimage="file='gif_test.gif' width='90' playcount='-1' halign='center' valign='center'" valign="center" margin="8"/>            
        <Control width="auto" height="auto" bkimage="file='apng_test.png' width='150' playcount='-1'" valign="center" margin="8"/>
        <Control width="auto" height="auto" bkimage="file='webp_test.webp' width='150' playcount='-1'" valign="center" margin="8"/>
        <Control width="auto" height="auto" bkimage="file='lottie.json' width='150' playcount='-1'" valign="center" margin="8"/>
        <Control width="auto" height="auto" bkimage="file='pag_logo.pag' width='150' playcount='-1'" valign="center" margin="8"/>
    </HBox>
    <HBox width="auto" height="auto">
        <Label width="150" height="auto" text="GIF格式动画" text_align="center" margin="8"/>
        <Label width="150" height="auto" text="APNG格式动画" text_align="center" margin="8"/>
        <Label width="150" height="auto" text="WEBP格式动画" text_align="center" margin="8"/>
        <Label width="150" height="auto" text="Lottie JSON格式动画" text_align="center" margin="8"/>
        <Label width="150" height="auto" text="PAG格式动画" text_align="center" margin="8"/>
    </HBox>
    <HBox>
        <HBox width="auto" height="256" margin="20, 10, 0, 0">
            <VBox width="200" height="220">
                <Control width="100%" height="100%" bkimage="file='fan.gif' width='190' height='190' auto_play='false' play_count='-1' valign='center' halign='center'">
                    <Event type="mouse_enter" receiver="" apply_attribute="start_image_animation={}" />
                    <Event type="mouse_leave" receiver="" apply_attribute="stop_image_animation={}" />
                </Control>
                <Label width="100%" height="20" text="鼠标在图片上时播放动画" text_align="center" margin="8"/>
            </VBox>          
        </HBox>
    </HBox>
</Window>
