<?xml version="1.0" encoding="UTF-8"?>
<Window>
    <HBox>
        <VBox width="50%" margin="4">
            <HBox height="56" bkcolor="blue">
                <Label height="stretch" width="stretch" text="文字(横向：左对齐，纵向：上对齐)" text_align="left,top"/>
            </HBox>
            <HBox height="56" bkcolor="dark_gray">
                <Label height="stretch" width="stretch" text="文字(横向：左对齐，纵向：中对齐)" text_align="left,vcenter"/>
            </HBox>
            <HBox height="56" bkcolor="blue">
                <Label height="stretch" width="stretch" text="文字(横向：左对齐，纵向：下对齐)" text_align="left,bottom"/>
            </HBox>
            <HBox height="56" bkcolor="dark_gray">
                <Label height="stretch" width="stretch" text="文字(横向：中对齐，纵向：上对齐)" text_align="center,top"/>
            </HBox>
            <HBox height="56" bkcolor="blue">
                <Label height="stretch" width="stretch" text="文字(横向：中对齐，纵向：中对齐)" text_align="center,vcenter"/>
            </HBox>
            <HBox height="56" bkcolor="dark_gray">
                <Label height="stretch" width="stretch" text="文字(横向：中对齐，纵向：下对齐)" text_align="center,bottom"/>
            </HBox>
            <HBox height="56" bkcolor="blue">
                <Label height="stretch" width="stretch" text="文字(横向：右对齐，纵向：上对齐)" text_align="right,top"/>
            </HBox>
            <HBox height="56" bkcolor="dark_gray">
                <Label height="stretch" width="stretch" text="文字(横向：右对齐，纵向：中对齐)" text_align="right,vcenter"/>
            </HBox>
            <HBox height="56" bkcolor="blue">
                <Label height="stretch" width="stretch" text="文字(横向：右对齐，纵向：下对齐)" text_align="right,bottom"/>
            </HBox>
            <HBox height="56" bkcolor="dark_gray">
                <Label height="auto" width="auto" text="MeasureString结果测试1，MeasureString结果测试2，MeasureString结果测试3，" single_line="false" bkcolor="red" text_align="hcenter,vcenter"/>
            </HBox>
            <HBox height="56" bkcolor="blue">
                <Label height="stretch" width="stretch" text="文字对齐(横向:两端对齐，纵向:居中)\n多行文本测试，换行符" text_align="hjustify,vcenter" multi_line="true" replace_newline="true"/>
            </HBox>
            <HBox height="80" bkcolor="dark_gray">
                <Label height="stretch" width="stretch" text="文字对齐(横向:靠左，纵向:居中)\n这个用例设置了行间距。\n正常行间距" text_align="left,vcenter" multi_line="true" replace_newline="true"/>
            </HBox>
            <HBox height="80" bkcolor="blue">
                <Label height="stretch" width="stretch" text="文字对齐(横向:靠左，纵向:居中)\n这个用例设置了行间距。\nspacing_mul='1.2'" text_align="left,vcenter" multi_line="true" replace_newline="true" spacing_mul="1.2"/>
            </HBox>
        </VBox>
        <VBox width="50%" margin="4">                            
            <HBox height="56" bkcolor="dark_gray">
                <Label height="stretch" width="stretch" text="超长文字绘制\n测试, 单行文本，不自动增加点点点，1234567890-。qwertyuiopasdfghjkl;lmnozxccvb.NBVCXZASDFGHJKLPOIUYTREWQ." autotooltip="true" endellipsis="false"/>
            </HBox>
            <HBox height="56" bkcolor="blue">
                <Label height="stretch" width="stretch" text="超长文字绘制\n测试, 单行文本，自动增加点点点，1234567890-。qwertyuiopasdfghjkl;lmnozxccvb.NBVCXZASDFGHJKLPOIUYTREWQ." autotooltip="true"/>
            </HBox>
            <HBox height="56" bkcolor="dark_gray">
                <Label height="stretch" width="stretch" text="超长文字绘制\n测试, 多行文本，text is 1234567890-。qwertyuiopasdfghjkl-v." autotooltip="true" singleline="false"/>
            </HBox>
            <HBox height="56" bkcolor="blue">
                <Label height="stretch" width="stretch" text="超长文字绘制\n测试, 多行文本，自动增加点点点，超长文本测试good bad test text is 1234567890-。qwertyuiopasdfghjkl;lmnozxccvb.NBVCXZASDFGHJKLPOIUYTREWQ. 超长文本测试，超长文本测试，超长文本测试，超长文本测试，超长文本测试，超长文本测试，超长文本测试，超长文本测试，，超长文本测试，超长文本测试，超长文本测试，超长文本测试" autotooltip="true" singleline="false"/>
            </HBox>
            <HBox height="56" bkcolor="dark_gray">
                <Label height="stretch" width="stretch" text="超长文字绘制\n测试, 多行文本，不自动增加点点点，1234567890NBVCXZASDFGHJKLPOIUYTREWQNBVCXZASDFGHJKLPOIUYTREWQ 超长文本测试good bad test text is -。qwertyuiopasdfghjkl;lmnozxccvb.NBVCXZASDFGHJKLPOIUYTREWQ. 超长文本测试，超长文本测试，超长文本测试，超长文本测试，超长文本测试，超长文本测试，超长文本测试，超长文本测试，，超长文本测试，超长文本测试，超长文本测试，超长文本测试" autotooltip="true" singleline="false" endellipsis="false"/>
            </HBox>
            <HBox height="56" bkcolor="blue">
                <Label height="stretch" width="stretch" text="C:\develop\编程开发学习\Windows内核原理与实现\编程开发\测试编程开发编程开发编程开发.txt" autotooltip="true" singleline="true" path_ellipsis="true"/>
            </HBox>
            <HBox height="56" bkcolor="dark_gray">
                <Label height="stretch" width="stretch" text="文本绘制-带下划线的字" font="system_underline_14"/>
            </HBox>
            <HBox height="56" bkcolor="blue">
                <Label height="stretch" width="stretch" text="文本绘制-粗体字" font="system_bold_14"/>
            </HBox>
            <HBox height="56" bkcolor="dark_gray">
                <Label height="stretch" width="stretch" text="文本绘制-删除线" font="system_strikeout_14"/>
            </HBox>
            <HBox height="56" bkcolor="blue">
                <Label height="stretch" width="stretch" text="文本绘制-斜体字" font="system_italic_14"/>
            </HBox>
            <HBox height="56" bkcolor="dark_gray">
                <Label height="stretch" width="stretch" text="文本绘制-全部风格\n第二列内容" font="system_fullstyle_20" normal_text_color="green" replace_newline="true" multi_line="true"/>
            </HBox>
            <HBox height="80" bkcolor="dark_gray">
                <Label height="stretch" width="stretch" text="文字对齐(横向:靠左，纵向:居中)\n这个用例设置了行间距。\nword_spacing='6'" text_align="left,vcenter" multi_line="true" replace_newline="true" word_spacing="6"/>
            </HBox>
            <HBox height="80" bkcolor="blue">
                <Label height="stretch" width="stretch" text="文字对齐(横向:靠左，纵向:居中)\n这个用例设置了行间距。\nspacing_mul='1.2' spacing_add='6'" text_align="left,vcenter" multi_line="true" replace_newline="true" spacing_mul="1.2" spacing_add="6"/>
            </HBox>
        </VBox>
        <VBox width="260" margin="4">                            
            <RichText class="rich_text" bkcolor="green" row_spacing_mul="1.5" width="100%" height="auto">
                RichText文本<br/>内容1
                <b>
                    粗体
                    <bgcolor color="#FFFFFF">
                        <u>
                            <a href="www.baidu.com">这里是超级链接：点击访问百度首页</a>
                        </u>
                    </bgcolor>
                    <font color="#FF0000">红色加粗</font>
                </b>
                <font face="宋体" size="12">
                    宋体12号字演示1
                    <font face="楷体" size="18">
                        楷体效果演示：18号字
                    </font>
                    宋体12号字演示2
                </font>
                <a href="www.sohu.com">这里是超级链接：点击访问搜狐首页</a>
                <font face="宋体" size="8">
                    宋体8号字演示
                </font>  
                <i>斜体号字演示</i> 
                <b>粗体号字演示</b> 
                <s>删除字演示</s> 
                <u>下划线字演示</u> 
                <font face="微软雅黑" size="14">
                    微软雅黑14号字演示
                </font>  
                <bgcolor color="#802378">背景颜色演示</bgcolor>                
                RichText文本内容2RichText文本内容3RichText文本内容4RichText文本内容5RichText文本内容6RichText文本内容7RichText文本内容8RichText文本内容9RichText文本内容10
            </RichText>
            <ScrollBox vscrollbar="true" hscrollbar="true" width="260" height="100" bkcolor="white" border_size="2" border_color="red" padding="4,4,4,4">
                <RichText class="rich_text" bkcolor="green" row_spacing_mul="1.5" width="auto" height="auto" word_wrap="false">
                    第1行: RichText in ScrollBox<br/>
                    第2行: RichText文本<br/>
                    第3行: RichText文本<br/>
                    第4行: RichText文本<br/>
                    第5行: RichText文本<br/>
                    第6行: RichText文本<br/>
                    第7行: RichText文本<br/>
                    第8行: RichText文本<br/>
                    第9行: RichText文本<br/>
                    第10行: RichText文本内容2RichText文本内容3RichText文本内容4RichText文本内容5RichText文本内容6RichText文本内容7RichText文本内容8RichText文本内容9RichText文本内容10<br/>
                </RichText>
            </ScrollBox>
            <RichTextBox text="{u}RichTextBox{/u}" bkcolor="blue">
                <Label text="Label in RichTextBox" valign="center"/>
            </RichTextBox>
            <RichTextHBox text="{s}RichTextHBox{/s}" bkcolor="dark_gray">
                <Label text="Label in RichTextHBox" valign="center"/>
            </RichTextHBox>
            <RichTextVBox text="{i}RichTextVBox{/i}" bkcolor="blue" child_valign="center">
                <Label text="Label in RichTextVBox" valign="center"/>
            </RichTextVBox>
        </VBox>
        <VBox width="300" margin="4">
            <HBox height="60" bkcolor="blue">
                <RichText height="stretch" width="stretch" text="RichText文字(横向：左对齐，纵向：上对齐)" text_align="left,top"><b><a href="www.sohu.com">这里是超级链接：点击访问搜狐首页</a></b></RichText>
            </HBox>
            <HBox height="60" bkcolor="dark_gray">
                <RichText height="stretch" width="stretch" text="RichText文字(横向：左对齐，纵向：中对齐)" text_align="left,vcenter"><b><a href="www.sohu.com">这里是超级链接：点击访问搜狐首页</a></b></RichText>
            </HBox>
            <HBox height="60" bkcolor="blue">
                <RichText height="stretch" width="stretch" text="RichText文字(横向：左对齐，纵向：下对齐)" text_align="left,bottom"><b><a href="www.sohu.com">这里是超级链接：点击访问搜狐首页</a></b></RichText>
            </HBox>
            <HBox height="60" bkcolor="dark_gray">
                <RichText height="stretch" width="stretch" text="RichText文字(横向：中对齐，纵向：上对齐)" text_align="center,top"><b><a href="www.sohu.com">这里是超级链接：点击访问搜狐首页</a></b></RichText>
            </HBox>
            <HBox height="60" bkcolor="blue">
                <RichText height="stretch" width="stretch" text="RichText文字(横向：中对齐，纵向：中对齐)" text_align="center,vcenter"><b><a href="www.sohu.com">这里是超级链接：点击访问搜狐首页</a></b></RichText>
            </HBox>
            <HBox height="60" bkcolor="dark_gray">
                <RichText height="stretch" width="stretch" text="RichText文字(横向：中对齐，纵向：下对齐)" text_align="center,bottom"><b><a href="www.sohu.com">这里是超级链接：点击访问搜狐首页</a></b></RichText>
            </HBox>
            <HBox height="60" bkcolor="blue">
                <RichText height="stretch" width="stretch" text="RichText文字(横向：右对齐，纵向：上对齐)" text_align="right,top"><b><a href="www.sohu.com">这里是超级链接：点击访问搜狐首页</a></b></RichText>
            </HBox>
            <HBox height="60" bkcolor="dark_gray">
                <RichText height="stretch" width="stretch" text="RichText文字(横向：右对齐，纵向：中对齐)" text_align="right,vcenter"><b><a href="www.sohu.com">这里是超级链接：点击访问搜狐首页</a></b></RichText>
            </HBox>
            <HBox height="60" bkcolor="blue">
                <RichText height="stretch" width="stretch" text="RichText文字(横向：右对齐，纵向：下对齐)" text_align="right,bottom"><b><a href="www.sohu.com">这里是超级链接：点击访问搜狐首页</a></b></RichText>
            </HBox>
        </VBox>
    </HBox>
</Window>
