<?xml version="1.0" encoding="UTF-8"?>
<Window>
    <VBox>        
        <Control margin="50,50" width="300" height="100" borderround="12,12" boxshadow="color='red' offset='0,0' blurradius='8' spreadradius='8'"/>
        <Control margin="50,50" width="300" height="100" borderround="0,0" bordercolor="blue" bordersize="1,1,1,1" bkcolor="green" boxshadow="color='red' offset='3,3' blurradius='2' spreadradius='2'"/>
    
        <HBox margin="20,20,0,0" height="64">
            <Control width="80" height="60" margin="10,0,0,0" border_size="2" border_color="gray"/>
            <Control width="80" height="60" margin="10,0,0,0" border_size="2" border_color="gray" border_dash_style="solid"/>
            <Control width="80" height="60" margin="10,0,0,0" border_size="2" border_color="gray" border_dash_style="dash"/>
            <Control width="80" height="60" margin="10,0,0,0" border_size="2" border_color="gray" border_dash_style="dot"/>
            <Control width="80" height="60" margin="10,0,0,0" border_size="2" border_color="gray" border_dash_style="dash_dot"/>
            <Control width="80" height="60" margin="10,0,0,0" border_size="2" border_color="gray" border_dash_style="dash_dot_dot"/>
        </HBox>
        
        <HBox margin="20,20,0,0" height="64">
            <Control width="80" height="60" margin="10,0,0,0" bkcolor="blue" border_size="2" border_color="gold"/>
            <Control width="80" height="60" margin="10,0,0,0" bkcolor="blue" border_size="2" border_color="gold" border_dash_style="solid"/>
            <Control width="80" height="60" margin="10,0,0,0" bkcolor="blue" border_size="2" border_color="gold" border_dash_style="dash"/>
            <Control width="80" height="60" margin="10,0,0,0" bkcolor="blue" border_size="2" border_color="gold" border_dash_style="dot"/>
            <Control width="80" height="60" margin="10,0,0,0" bkcolor="blue" border_size="2" border_color="gold" border_dash_style="dash_dot"/>
            <Control width="80" height="60" margin="10,0,0,0" bkcolor="blue" border_size="2" border_color="gold" border_dash_style="dash_dot_dot"/>
        </HBox>
        
        <HBox margin="20,2,0,0"  height="64">
            <Control width="80" height="60" border_round="8,8" margin="10,0,0,0" border_size="2" border_color="gray"/>
            <Control width="80" height="60" border_round="8,8" margin="10,0,0,0" border_size="2" border_color="gray" border_dash_style="solid"/>
            <Control width="80" height="60" border_round="8,8" margin="10,0,0,0" border_size="2" border_color="gray" border_dash_style="dash"/>
            <Control width="80" height="60" border_round="8,8" margin="10,0,0,0" border_size="2" border_color="gray" border_dash_style="dot"/>
            <Control width="80" height="60" border_round="8,8" margin="10,0,0,0" border_size="2" border_color="gray" border_dash_style="dash_dot"/>
            <Control width="80" height="60" border_round="8,8" margin="10,0,0,0" border_size="2" border_color="gray" border_dash_style="dash_dot_dot"/>
        </HBox>
        
        <HBox margin="20,2,0,0"  height="64">
            <Control width="80" height="60" border_round="8,8" margin="10,0,0,0" bkcolor="blue" border_size="2" border_color="gold"/>
            <Control width="80" height="60" border_round="8,8" margin="10,0,0,0" bkcolor="blue" border_size="2" border_color="gold" border_dash_style="solid"/>
            <Control width="80" height="60" border_round="8,8" margin="10,0,0,0" bkcolor="blue" border_size="2" border_color="gold" border_dash_style="dash"/>
            <Control width="80" height="60" border_round="8,8" margin="10,0,0,0" bkcolor="blue" border_size="2" border_color="gold" border_dash_style="dot"/>
            <Control width="80" height="60" border_round="8,8" margin="10,0,0,0" bkcolor="blue" border_size="2" border_color="gold" border_dash_style="dash_dot"/>
            <Control width="80" height="60" border_round="8,8" margin="10,0,0,0" bkcolor="blue" border_size="2" border_color="gold" border_dash_style="dash_dot_dot"/>
        </HBox>
        
        <HBox margin="20,2,0,0"  height="64">
            <Control width="80" height="60" border_round="8,8" margin="10,0,0,0" border_size="2,1,2,1" border_color="gray"/>
            <Control width="80" height="60" border_round="8,8" margin="10,0,0,0" border_size="2,1,2,1" border_color="gray" border_dash_style="solid"/>
            <Control width="80" height="60" border_round="8,8" margin="10,0,0,0" border_size="2,1,2,1" border_color="gray" border_dash_style="dash"/>
            <Control width="80" height="60" border_round="8,8" margin="10,0,0,0" border_size="2,1,2,1" border_color="gray" border_dash_style="dot"/>
            <Control width="80" height="60" border_round="8,8" margin="10,0,0,0" border_size="2,1,2,1" border_color="gray" border_dash_style="dash_dot"/>
            <Control width="80" height="60" border_round="8,8" margin="10,0,0,0" border_size="2,1,2,1" border_color="gray" border_dash_style="dash_dot_dot"/>
        </HBox>
        
        <HBox margin="20,2,0,0"  height="64">
            <Control width="80" height="60" border_round="8,8" margin="10,0,0,0" bkcolor="blue" border_size="2,1,2,1" border_color="gold"/>
            <Control width="80" height="60" border_round="8,8" margin="10,0,0,0" bkcolor="blue" border_size="2,1,2,1" border_color="gold" border_dash_style="solid"/>
            <Control width="80" height="60" border_round="8,8" margin="10,0,0,0" bkcolor="blue" border_size="2,1,2,1" border_color="gold" border_dash_style="dash"/>
            <Control width="80" height="60" border_round="8,8" margin="10,0,0,0" bkcolor="blue" border_size="2,1,2,1" border_color="gold" border_dash_style="dot"/>
            <Control width="80" height="60" border_round="8,8" margin="10,0,0,0" bkcolor="blue" border_size="2,1,2,1" border_color="gold" border_dash_style="dash_dot"/>
            <Control width="80" height="60" border_round="8,8" margin="10,0,0,0" bkcolor="blue" border_size="2,1,2,1" border_color="gold" border_dash_style="dash_dot_dot"/>
        </HBox>
        
    </VBox>
</Window>
