<?xml version="1.0" encoding="UTF-8"?>
<Window size="75%,75%" use_system_caption="false" snap_layout_menu="true" sys_menu="true" sys_menu_rect="0,0,36,36" caption="0,0,0,36" shadow_attached="true" layered_window="true" size_box="4,4,4,4" text="渲染引擎测试程序">
    <!-- 整个窗口中，所有控件都放在这个VBox容器中 -->  
    <VBox bkcolor="bk_wnd_darkcolor">
        <!-- 标题栏区域 -->  
        <HBox name="window_caption_bar" width="stretch" height="36" bkcolor="bk_wnd_lightcolor">
            <!-- 标题栏：窗口左上角显示区域 -->  
            <HBox margin="0,0,30,0" valign="center" width="auto" height="auto" mouse="false">
                <Control width="18" height="18" bkimage="public/caption/logo.svg" valign="center" margin="8,0,0,0"/>
                <Label text="渲染引擎测试" valign="center" margin="8,0,0,0" mouse="false"/>
            </HBox>
            <Control mouse="false"/>            
            <!-- 标题栏：右侧窗口控制区域，窗口最小化、最大化、还原、关闭按钮 -->
            <HBox margin="0,0,0,0" valign="center" width="auto" height="36">
                <Button class="btn_wnd_min_11" height="32" width="40" name="minbtn" margin="0,2,0,2" tooltip_text="最小化"/>
                <Box height="stretch" width="40" margin="0,2,0,2">
                    <Button class="btn_wnd_max_11" height="32" width="stretch" name="maxbtn" tooltip_text="最大化"/>
                    <Button class="btn_wnd_restore_11" height="32" width="stretch" name="restorebtn" visible="false" tooltip_text="还原"/>
                </Box>
                <Button class="btn_wnd_close_11" height="stretch" width="40" name="closebtn" margin="0,0,0,2" tooltip_text="关闭"/>
            </HBox>
        </HBox> <!-- 标题栏区域结束 --> 
        
        <!-- 显示区域 --> 
        <VBox>
            <TabCtrl class="tab_ctrl" tab_box_name="main_view_tab" selected_id="17">
                <TabCtrlItem class="tab_ctrl_item" title="绘制" close_button_class="" tab_box_item_index="0"/>
                <TabCtrlItem class="tab_ctrl_item" title="画图" close_button_class="" tab_box_item_index="1"/>
                <TabCtrlItem class="tab_ctrl_item" title="图片1" close_button_class="" tab_box_item_index="2"/>
                <TabCtrlItem class="tab_ctrl_item" title="图片2" close_button_class="" tab_box_item_index="3"/>
                <TabCtrlItem class="tab_ctrl_item" title="文字" close_button_class="" tab_box_item_index="4"/>
                <TabCtrlItem class="tab_ctrl_item" title="BoxShadow" close_button_class="" tab_box_item_index="5"/>
                <TabCtrlItem class="tab_ctrl_item" title="Box" close_button_class="" tab_box_item_index="6"/>
                <TabCtrlItem class="tab_ctrl_item" title="HBox" close_button_class="" tab_box_item_index="7"/>
                <TabCtrlItem class="tab_ctrl_item" title="VBox" close_button_class="" tab_box_item_index="8"/>
                <TabCtrlItem class="tab_ctrl_item" title="TileBox" close_button_class="" tab_box_item_index="9"/>
                <TabCtrlItem class="tab_ctrl_item" title="ScrollBox" close_button_class="" tab_box_item_index="10"/>
                <TabCtrlItem class="tab_ctrl_item" title="HScrollBox" close_button_class="" tab_box_item_index="11"/>
                <TabCtrlItem class="tab_ctrl_item" title="VScrollBox" close_button_class="" tab_box_item_index="12"/>
                <TabCtrlItem class="tab_ctrl_item" title="TileScrollBox" close_button_class="" tab_box_item_index="13"/>
                <TabCtrlItem class="tab_ctrl_item" title="ListBox" close_button_class="" tab_box_item_index="14"/>
                <TabCtrlItem class="tab_ctrl_item" title="Layout" close_button_class="" tab_box_item_index="15"/>
                <TabCtrlItem class="tab_ctrl_item" title="PropertyGrid" close_button_class="" tab_box_item_index="16"/>
                <TabCtrlItem class="tab_ctrl_item" title="TabBox" close_button_class="" tab_box_item_index="17"/>
            </TabCtrl>
            <TabBox name="main_view_tab" bkcolor="white" fadeswitch="true" selected_id="17">
                <VBox name="main_view_page_01">
                    <Label text="页面1：IRender接口的图片绘制相关接口测试（DrawImage，BitBlt，StretchBlt，AlphaBlend）"/>
                    <RenderTest1 />
                </VBox>
                <VBox name="main_view_page_02">
                    <Label text="页面2：IRender接口的画线、画矩形、填充矩形等基本图形绘制测试"/>
                    <RenderTest2 />
                </VBox>
                <VBox name="main_view_page_03">
                    <Label text="页面3：用标准控件测试所有支持的图片格式"/>
                    <Include src="page_image1.xml"/>
                </VBox>
                <VBox name="main_view_page_04">
                    <Label text="页面4：用标准控件测试支持的图片属性"/>
                    <Include src="page_image2.xml"/>
                </VBox>
                <VBox name="main_view_page_05">
                    <Label text="页面5：文字绘制测试"/>
                    <Include src="page_text.xml"/>
                </VBox>
                <VBox name="main_view_page_06">
                    <Label text="页面6：DrawBoxShadow测试"/>
                    <Include src="page_boxshadow.xml"/>
                </VBox>
                <VBox name="main_view_page_07">
                    <Include src="page_box.xml"/>
                </VBox>
                <VBox name="main_view_page_08">
                    <Include src="page_hbox.xml"/>
                </VBox>
                <VBox name="main_view_page_09">
                    <Include src="page_vbox.xml"/>
                </VBox>
                <VBox name="main_view_page_10">
                    <Include src="page_tilebox.xml"/>
                </VBox>
                <VBox name="main_view_page_11">
                    <Include src="page_scroll_box.xml"/>
                </VBox>
                <VBox name="main_view_page_12">           
                    <Include src="page_hscroll_box.xml"/>
                </VBox>
                <VBox name="main_view_page_13">
                    <Include src="page_vscroll_box.xml"/>
                </VBox>
                <VBox name="main_view_page_14">
                    <Include src="page_tile_scroll_box.xml"/>
                </VBox>
                <VBox name="main_view_page_15">
                    <Include src="page_list_box.xml"/>
                </VBox>
                <VBox name="main_view_page_16">
                    <Include src="page_layout.xml"/>
                </VBox>
                <VBox name="main_view_page_17">
                    <Include src="page_property_grid.xml"/>
                </VBox>
                <VBox name="main_view_page_18">
                    <Include src="page_tabbox.xml"/>
                </VBox>
            </TabBox>
        </VBox>
    </VBox>
</Window>
