<?xml version="1.0" encoding="UTF-8"?>
<Window size="80%,95%" use_system_caption="false" snap_layout_menu="true" sys_menu="true" sys_menu_rect="0,0,36,36" caption="0,0,0,36" shadow_attached="true" layered_window="true" size_box="4,4,4,4" text="渲染引擎测试程序">
    <!-- 整个窗口中，所有控件都放在这个VBox容器中 -->  
    <VBox bkcolor="bk_wnd_darkcolor">
        <!-- 标题栏区域 -->  
        <HBox name="window_caption_bar" width="stretch" height="36" bkcolor="bk_wnd_lightcolor">
            <!-- 标题栏：窗口左上角显示区域 -->  
            <HBox margin="0,0,30,0" valign="center" width="auto" height="auto" mouse_enabled="false">
                <Control width="18" height="18" bkimage="public/caption/logo.svg" valign="center" margin="8,0,0,0"/>
                <Label text="渲染引擎测试" valign="center" margin="8,0,0,0" mouse_enabled="false"/>
            </HBox>
            <Control mouse_enabled="false"/>            
            <!-- 标题栏：右侧窗口控制区域，窗口最小化、最大化、还原、关闭按钮 -->
            <HBox margin="0,0,0,0" valign="center" width="auto" height="36">
                <Button class="btn_wnd_min_11" height="32" width="40" name="minbtn" margin="0,2,0,2" tooltip_text="最小化"/>
                <Box height="stretch" width="40" margin="0,2,0,2">
                    <Button class="btn_wnd_max_11" height="32" width="stretch" name="maxbtn" tooltip_text="最大化"/>
                    <Button class="btn_wnd_restore_11" height="32" width="stretch" name="restorebtn" visible="false" tooltip_text="还原"/>
                </Box>
                <Button class="btn_wnd_close_11" height="stretch" width="40" name="closebtn" margin="0,0,0,2" tooltip_text="关闭"/>
            </HBox>
        </HBox> <!-- 标题栏区域结束 --> 
        
        <!-- 显示区域 --> 
        <VBox>
            <TabCtrl class="tab_ctrl" tab_box_name="main_view_tab" selected_id="0">                
                <TabCtrlItem class="tab_ctrl_item" title="图片1" close_button_class="" tab_box_item_index="0"/>
                <TabCtrlItem class="tab_ctrl_item" title="图片2" close_button_class="" tab_box_item_index="1"/>
                <TabCtrlItem class="tab_ctrl_item" title="图片3" close_button_class="" tab_box_item_index="2"/>
                <TabCtrlItem class="tab_ctrl_item" title="文字-横排" close_button_class="" tab_box_item_index="3"/>
                <TabCtrlItem class="tab_ctrl_item" title="文字-竖排" close_button_class="" tab_box_item_index="4"/>
                <TabCtrlItem class="tab_ctrl_item" title="绘制" close_button_class="" tab_box_item_index="5"/>
                <TabCtrlItem class="tab_ctrl_item" title="画图" close_button_class="" tab_box_item_index="6"/>
                <TabCtrlItem class="tab_ctrl_item" title="BoxShadow" close_button_class="" tab_box_item_index="7"/>                
                <TabCtrlItem class="tab_ctrl_item" title="属性页" close_button_class="" tab_box_item_index="8"/>
                <TabCtrlItem class="tab_ctrl_item" title="窗口阴影" close_button_class="" tab_box_item_index="9"/>
                <TabCtrlItem class="tab_ctrl_item" title="位图控件" close_button_class="" tab_box_item_index="10"/>
            </TabCtrl>
            <TabBox name="main_view_tab" bkcolor="white" fadeswitch="true" selected_id="0">
                <VBox name="main_view_page_00">
                    <Label text="页面1：用标准控件测试所有支持的图片格式"/>
                    <Include src="page_image1.xml"/>
                </VBox>
                <VBox name="main_view_page_01">
                    <Label text="页面2：用标准控件测试支持的图片属性(svg格式，在等比例缩放时，支持矢量缩放)"/>
                    <Include src="page_image2.xml"/>
                </VBox>
                <VBox name="main_view_page_02">
                    <Label text="页面3：用标准控件测试支持的图片属性(非svg格式，其他图片格式不支持矢量缩放)"/>
                    <Include src="page_image3.xml"/>
                </VBox>
                <VBox name="main_view_page_03">
                    <Label text="页面4：文字绘制-横排文本"/>
                    <Include src="page_text1.xml"/>
                </VBox>
                <VBox name="main_view_page_04">
                    <Label text="页面5：文字绘制-竖排文本"/>
                    <Include src="page_text2.xml"/>
                </VBox>
                <VBox name="main_view_page_05">
                    <Label text="页面6：IRender接口的图片绘制相关接口测试（DrawImage，BitBlt，StretchBlt，AlphaBlend，九宫格绘制，平铺绘制等）"/>
                    <RenderTest1 />
                </VBox>
                <VBox name="main_view_page_06">
                    <Label text="页面7：IRender接口的画线、画矩形、填充矩形等基本图形绘制测试"/>
                    <RenderTest2 />
                </VBox>
                <VBox name="main_view_page_07">
                    <Label text="页面8：DrawBoxShadow测试"/>
                    <Include src="page_boxshadow.xml"/>
                </VBox>
                <VBox name="main_view_page_08">
                    <Include src="page_property_grid.xml"/>
                </VBox>
                <VBox name="main_view_page_09">
                    <Label text="页面9：窗口阴影测试"/>
                    <Include src="page_window_shadow.xml"/>
                </VBox>
                <VBox name="main_view_page_10">
                    <Label text="页面10：位图控件测试"/>
                    <Include src="page_bitmap_control.xml"/>
                </VBox> 
            </TabBox>
        </VBox>
    </VBox>
</Window>
