<?xml version="1.0" encoding="utf-8"?>
<Window shadow_type="menu_round" shadow_attached="true" layered_window="true" >
    <MenuListBox class="menu" name="main_menu">
        <!-- 一级菜单 -->
        <MenuItem class="menu_element" name="first" width="180">
          <Button name="button_01" width="auto" height="auto" bkimage="file='menu_settings.svg'valign='center' halign='center'" valign="center" mouse_enabled="false" keyboard_enabled="false"/>
          <Label class="menu_text" text="一级菜单项 1" margin="30,0,0,0" mouse_enabled="false" keyboard_enabled="false"/>
        </MenuItem>
    
        <MenuItem class="menu_element" name="second" width="180">
          <Label class="menu_text" text="一级菜单项 2" margin="30,0,0,0" mouse_enabled="false" keyboard_enabled="false"/>
        </MenuItem>
        
        <!-- 在菜单中插入普通控件，实现特定功能 -->
        <HBox class="menu_split_box" height="36">
            <Label class="menu_text" text="音量" textpadding="0,0,6,0" mouse_enabled="false" keyboard_enabled="false"/>
            <Control width="auto" height="auto" bkimage="file='set_speaker.svg' valign='center' halign='center'" valign="center" mouse_enabled="false" keyboard_enabled="false"/>
            <Slider class="slider_horizontal_green" value="70" tooltip_text="ui::Slider"/>
        </HBox>
        
        <!-- 菜单项之间的分割线 -->
        <Box class="menu_split_box">
            <Control class="menu_split_line" />
        </Box>
        
        <MenuItem class="menu_element" name="third" width="180">
            <Label class="menu_text" text="一级菜单项 3" margin="30,0,0,0" mouse_enabled="false" keyboard_enabled="false"/>
        </MenuItem>
        
        <MenuItem class="menu_element" name="fourth" width="180">
            <Button name="button_04" width="auto" height="auto" bkimage="sub_menu.svg" valign="center" mouse_enabled="false" keyboard_enabled="false"/>
            <Label class="menu_text" text="二级菜单" margin="30,0,0,0" mouse_enabled="false" keyboard_enabled="false"/>
            <!-- 二级菜单：第一种支持的形式（保持旧版本的兼容性） -->
            <MenuItem class="menu_element" name="sub_menu0" width="180">
                <Button name="button_44" width="auto" height="auto" bkimage="menu_item.svg" valign="center" mouse_enabled="false" keyboard_enabled="false"/>
                <Label class="menu_text" text="二级菜单项 0" margin="30,0,0,0" mouse_enabled="false" keyboard_enabled="false"/>
            </MenuItem>
            <!-- 二级菜单：第二种支持的形式（新增格式，方便在子菜单中添加通用控件） -->
            <SubMenu>
                <MenuItem class="menu_element" name="sub_menu1" width="180">
                    <Label class="menu_text" text="二级菜单项 1" margin="30,0,0,0" mouse_enabled="false" keyboard_enabled="false"/>
                </MenuItem>
                <MenuItem class="menu_element" name="sub_menu2" width="180">
                    <Label class="menu_text" text="二级菜单项 2" margin="30,0,0,0" mouse_enabled="false" keyboard_enabled="false"/>
                </MenuItem>
                <MenuItem class="menu_element" name="sub_menu3" width="180">
                    <Label class="menu_text" text="二级菜单项 3" margin="30,0,0,0" mouse_enabled="false" keyboard_enabled="false"/>
                </MenuItem>
                <MenuItem class="menu_element" name="sub_menu4" width="180">
                    <Button name="button_05" width="auto" height="auto" bkimage="sub_menu.svg" valign="center" mouse_enabled="false" keyboard_enabled="false"/>
                    <Label class="menu_text" text="三级菜单" margin="30,0,0,0" mouse_enabled="false" keyboard_enabled="false"/>
                    <!-- 三级菜单 -->
                    <MenuItem class="menu_element" name="sub_sub_menu1" width="180">
                        <Label class="menu_text" text="三级菜单项 1" mouse_enabled="false" keyboard_enabled="false"/>
                    </MenuItem>
                    <MenuItem class="menu_element" name="sub_sub_menu2" width="180">
                        <Label class="menu_text" text="三级菜单项 2" mouse_enabled="false" keyboard_enabled="false"/>
                    </MenuItem>
                </MenuItem>
            </SubMenu>
        </MenuItem>
        
        <!-- 菜单项之间的分割线 -->
        <Box class="menu_split_box">
            <Control class="menu_split_line" mouse_enabled="false" keyboard_enabled="false"/>
        </Box>
        
        <!-- 带勾选项的菜单项 -->
        <MenuItem class="menu_element" name="menu_check_01" width="180">
            <CheckBox class="menu_checkbox" name="menu_checkbox_01" text="排序方式：递增" margin="0,5,0,10" selected="true" tooltiptext="ui::Checkbox" mouse_enabled="false" keyboard_enabled="false"/>
        </MenuItem>
        <MenuItem class="menu_element" name="menu_check_02" width="180">
            <CheckBox class="menu_checkbox" name="menu_checkbox_02" text="排序方式：递减" margin="0,5,0,10" selected="false" tooltiptext="ui::Checkbox" mouse_enabled="false" keyboard_enabled="false"/>
        </MenuItem>
        
        <!-- 菜单项之间的分割线 -->
        <Box class="menu_split_box">
            <Control class="menu_split_line" mouse_enabled="false" keyboard_enabled="false"/>
        </Box>
    
        <MenuItem class="menu_element" name="about" width="auto">
            <Button name="button_06" width="auto" height="auto" bkimage="menu_about.svg" valign="center" mouse="false" mouse_enabled="false" keyboard_enabled="false"/>
            <Label class="menu_text" text="关于" margin="30,0,0,0" mouse_enabled="false" keyboard_enabled="false"/>
        </MenuItem>
  </MenuListBox>
</Window>