<?xml version="1.0" encoding="UTF-8"?>
<Window size="400,220" caption="0,0,0,35" text="查找" use_system_caption="false" shadow_attached="true" layered_window="true">
    <VBox bkcolor="bk_wnd_darkcolor">
        <HBox name="window_caption_bar" width="stretch" height="35" bkcolor="bk_wnd_lightcolor">
            <Control width="18" height="18" bkimage="public/caption/logo.svg" valign="center" margin="8"/>
            <Label text="查找" valign="center" margin="8"/>
            <Control />
            <Button class="btn_wnd_close_11" name="closebtn" width="40" height="32" margin="4,0,0,0"/>
        </HBox>
        <VBox>
            <HBox height="auto">
                <Label text="查找内容：" height="28" text_align="vcenter" margin="8,8,0,0"/>
                <RichEdit class="simple prompt simple_border" name="btn_find_text" width="stretch" height="28" prompttext="查找" text_padding="2,0,0,0" text_align="vcenter" bkcolor="white" margin="2,8,4,0"/>
                <Button class="btn_global_white_80x30" name="btn_find_next" text="查找下一个" width="80" height="28" margin="4,8,8,0"/>
            </HBox>
            <GroupVBox margin="10,6,10,6" text=" 搜索方向 " height="auto" corner_size="4,4">
                <HBox height="40" margin="24,12,8,4" padding="12,0,0,0">
                    <Option class="option_1" group="option_direction_group" text="向上搜索" margin="0,6,0,0"/>
                    <Option class="option_1" group="option_direction_group" text="向下搜索" name="option_direction_down" margin="16,6,0,0" selected="true"/>
                </HBox>
            </GroupVBox>
            <HBox height="auto">
                <CheckBox class="checkbox_1" name="check_box_case_sensitive" text="区分大小写" valign="center" margin="8,8,8,0" selected="true"/>
                <CheckBox class="checkbox_1" name="check_box_match_whole_word" text="全字匹配" valign="center" margin="8,8,8,0" selected="false"/>
                <Control />
                <Button class="btn_global_white_80x30" name="btn_cancel" text="取消" width="80" height="28" margin="4,8,8,0"/>
            </HBox>
        </VBox>
    </VBox>
</Window>
