<Window size="90%,80%" sizebox="4,4,4,4" use_system_caption="false" snap_layout_menu="true" sys_menu="true" sys_menu_rect="0,0,36,36" caption="0,0,0,36" shadow_attached="true" layered_window="true" text="RichEdit控件测试程序">
    <!-- 该窗口下的Class定义 --> 
    <Font id="btn_font_bold_14" name="Elephant" size="14" bold="true"/>
    <Font id="btn_font_italic_14" name="Elephant" size="14" bold="true" italic="true"/>
    <Class name="checkbox_font_class" font="system_14" normal_text_color="black" disabled_text_color="gray" text_align="hcenter,vcenter" border_size="1" hot_border_color="#FFB3D0EE" pushed_border_color="#FF82B4E8" selected_normal_color="#FFC9E0F7" hot_color="#FFE8EFF7" selected_hot_color="#FFE8EFF7" pushed_color="#FFC9E0F7" selected_pushed_color="#FFC9E0F7"/>
    <Class name="btn_font_class" font="system_14" normal_text_color="black" disabled_text_color="gray" text_align="hcenter,vcenter" border_size="1" hot_border_color="#FFB3D0EE" pushed_border_color="#FF82B4E8" hot_color="#FFE8EFF7" pushed_color="#FFC9E0F7" />
    
    <!-- 整个窗口中，所有控件都放在这个VBox容器中 -->  
    <VBox bkcolor="bk_wnd_darkcolor">
        <!-- 标题栏区域 -->  
        <HBox name="window_caption_bar" width="stretch" height="36" bkcolor="bk_wnd_lightcolor">
            <!-- 标题栏：窗口左上角显示区域 -->  
            <HBox margin="0,0,30,0" valign="center" width="auto" height="auto">
                <Control width="auto" height="auto" bkimage="logo_18x18.png" valign="center" margin="8,0,0,0"/>
                <Label text="RichEdit控件测试程序" valign="center" margin="8,0,0,0"/>
            </HBox>
            <Control />
            <!-- 标题栏：右侧窗口控制区域，窗口最小化、最大化、还原、关闭按钮 -->
            <HBox margin="0,0,0,0" valign="center" width="auto" height="36">
                <Button class="btn_wnd_min_11" height="32" width="40" name="minbtn" margin="0,2,0,2" tooltip_text="最小化"/>
                <Box height="stretch" width="40" margin="0,2,0,2">
                    <Button class="btn_wnd_max_11" height="32" width="stretch" name="maxbtn" tooltip_text="最大化"/>
                    <Button class="btn_wnd_restore_11" height="32" width="stretch" name="restorebtn" visible="false" tooltip_text="还原"/>
                </Box>
                <Button class="btn_wnd_close_11" height="stretch" width="40" name="closebtn" margin="0,0,0,2" tooltip_text="关闭"/>
            </HBox>
        </HBox> <!-- 标题栏区域结束 --> 
        
        <!-- 显示区域 --> 
        <HBox>
            <!-- 左侧区域 -->
            <VScrollBox width="360" vscrollbar="true" minwidth="60" bkcolor="SeaShell" border_size="1,1,0,1" border_color="blue">
                <GroupVBox margin="6,6,6,6" text="密码相关功能" height="auto" corner_size="4,4">
                    <HBox height="36" margin="8,16,8,0">
                        <Label text="密码输入:  " valign="center"/>
                        <RichEdit class="simple" text="This is password!" password="true" valign="center" text_align="vcenter" bkcolor="white" margin="4,6,4,4"/>
                    </HBox>
                    <HBox height="36" margin="8,0,8,0">
                        <Label text="显示密码:  " valign="center"/>
                        <RichEdit class="simple" text="This is password!" password="true" show_password="true" valign="center" text_align="vcenter" bkcolor="white" margin="4,6,4,4"/>
                    </HBox>
                    <HBox height="36" margin="8,0,8,0">
                        <Label text="闪现密码字符:  " valign="center"/>
                        <RichEdit class="simple" text="This is password!" password="true" flash_password_char="true" show_password="false" valign="center" text_align="vcenter" bkcolor="white" margin="4,6,4,4"/>
                    </HBox>
                    <HBox height="36" margin="8,0,8,8">
                        <Label text="密码字符为#:  " valign="center"/>
                        <RichEdit class="simple" text="This is password!" password="true" password_char="#" valign="center" text_align="vcenter" bkcolor="white" margin="4,6,4,4"/>
                    </HBox>
                </GroupVBox>
                <GroupVBox margin="6,6,6,6" text="基本功能" height="auto" corner_size="4,4">
                    <HBox height="36" margin="8,16,8,0">
                        <Label text="单行编辑:  " valign="center"/>
                        <RichEdit class="simple simple_border" text="RichEdit: simple" default_context_menu="true" valign="center" text_align="vcenter" text_padding="2,0,0,0" bkcolor="white" margin="4,6,4,4"/>
                    </HBox>
                    <HBox height="44" margin="8,0,8,0">
                        <Label text="单行编辑:  " valign="center"/>
                        <RichEdit class="edit" text="RichEdit: edit" valign="center" text_align="vcenter" text_padding="4,4,4,4" margin="4,6,4,4"/>
                    </HBox>
                    <HBox height="36" margin="8,0,8,0">
                        <Label text="提示模式:  " valign="center"/>
                        <RichEdit class="prompt simple simple_border_bottom" prompttext="在这里可以输入文字" valign="center" text_align="vcenter" bkcolor="white" margin="4,6,4,4"/>
                    </HBox>
                    <HBox height="36" margin="8,0,8,0">
                        <Label text="数字模式:  " valign="center"/>
                        <RichEdit class="simple" text="0123456789" number="true" valign="center" text_align="vcenter" bkcolor="white" margin="4,6,4,4"/>
                    </HBox>
                    <HBox height="36" margin="8,0,8,0">
                        <Label text="只读模式:  " valign="center"/>
                        <RichEdit class="simple" text="RichEdit: readonly" readonly="true" no_caret_readonly="true" valign="center" text_align="vcenter" bkcolor="white" margin="4,6,4,4"/>
                    </HBox>
                    <HBox height="36" margin="8,0,8,0">
                        <Label text="禁用模式:  " valign="center"/>
                        <RichEdit class="simple" enabled="false" text="RichEdit: disabled" valign="center" text_align="vcenter" bkcolor="white" margin="4,6,4,4"/>
                    </HBox>
                    <HBox height="36" margin="8,0,8,0">
                        <Label text="超级链接:  " valign="center"/>
                        <RichEdit name="test_url" auto_detect_url="true" text="访问网址：http://www.baidu.com" readonly="true" no_caret_readonly="true" valign="center" text_align="vcenter" text_padding="2,0,0,0" bkcolor="white" margin="4,6,4,4"/>
                    </HBox>
                    <HBox height="36" margin="8,0,8,0">
                        <Label text="文本颜色:  " valign="center"/>
                        <RichEdit class="simple" text="RichEdit: 文本颜色为红色" normal_text_color="red" valign="center" text_align="vcenter" bkcolor="white" margin="4,6,4,4"/>
                    </HBox>
                    <HBox height="36" margin="8,0,8,0">
                        <Label text="光标颜色:  " valign="center"/>
                        <RichEdit class="simple" text="RichEdit: 光标颜色为红色" caret_color="red" valign="center" text_align="vcenter" bkcolor="white" margin="4,6,4,4"/>
                    </HBox>
                    <HBox height="48" margin="8,0,8,0">
                        <Label text="文本对齐:  " valign="center"/>
                        <RichEdit class="simple" text="text_align={left/hcenter/right,top/vcenter/bottom}" text_align="hcenter,vcenter" valign="center" text_align="vcenter" bkcolor="white" margin="4,6,4,4"/>
                    </HBox>
                    <HBox height="36" margin="8,0,8,8">
                        <Label text="最大字符数为8:  " valign="center"/>
                        <RichEdit class="simple" text="最大字符数为8" max_char="8" valign="center" text_align="vcenter" bkcolor="white" margin="4,6,4,4"/>
                    </HBox>
                </GroupVBox>
                
                <GroupVBox margin="6,6,6,6" text="常用功能" height="auto" corner_size="4,4">
                    <HBox height="36" margin="8,16,8,0">
                        <Label text="Spin功能:  " valign="center"/>
                        <RichEdit class="simple simple_border rich_edit_spin" min_number="-64" max_number="64" limit_text="3" margin="4,6,4,4"/>
                        <Label text="(数字范围: -64 - 64)" valign="center"/>
                    </HBox>
                    <HBox height="36" margin="8,0,8,0">
                        <Label text="清除文本:  " valign="center"/>
                        <RichEdit class="simple simple_border rich_edit_clear_btn" margin="4,6,4,4"/>
                    </HBox>
                    <HBox height="36" margin="8,0,8,8">
                        <Label text="显示密码:  " valign="center"/>
                        <RichEdit class="simple simple_border rich_edit_show_password_btn" margin="4,6,4,4"/>
                    </HBox>
                </GroupVBox>
                
                <GroupVBox margin="6,6,6,6" text="滚动条相关" height="auto" corner_size="4,4">
                    <HBox height="48" margin="8,16,8,0">
                        <Label text="横向滚动条:  " valign="center"/>
                        <RichEdit text="横向测试0横向测试1横向测试2横向测试3横向测试4横向测试5横向测试6横向测试7横向测试8" multi_line="true" word_wrap="false" hscrollbar="true" bkcolor="white" margin="4,6,4,4"/>
                    </HBox>
                    <HBox height="48" margin="8,0,8,0">
                        <Label text="纵向滚动条:  " valign="center"/>
                        <RichEdit text="纵向测试0纵向测试1纵向测试2纵向测试3纵向测试4纵向测试5纵向测试6纵向测试7纵向测试8纵向测试9纵向测试10纵向测试11纵向测试12纵向测试13纵向测试14" multi_line="true" word_wrap="true" vscrollbar="true" bkcolor="white" margin="4,6,4,4"/>
                    </HBox>
                    <HBox height="48" margin="8,0,8,8">
                        <Label text="同时横向与纵向滚动条:  " valign="center"/>
                        <RichEdit text="纵向测试0纵向测试1纵向测试2纵向测试3纵向测试4纵向测试5纵向测试6纵向测试7纵向测试8纵向测试9纵向测试10纵向测试11纵向测试12纵向测试13纵向测试14" multi_line="true" word_wrap="false" vscrollbar="true" hscrollbar="true" bkcolor="white" margin="4,6,4,4"/>
                    </HBox> 
                </GroupVBox>
                
            </VScrollBox>
            <!-- 纵向分割条，用于调整左右区域大小 -->
            <Split bkcolor="splitline_level1" width="2"/>
            <!-- 右侧区域 -->
            <VBox>
                <VBox bkcolor="bk_wnd_darkcolor" height="auto" minheight="40" >
                    <HBox height="auto" margin="0,2,2,0">
                        <Label text="文件：" valign="center" margin="8,0,8,0"/>
                        <Button class="btn_global_white_80x30" name="open_file" width="100" height="28" text="打开(Ctrl+O)" borderround="2,2" valign="center" margin="4,0,4,0"/>
                        <Button class="btn_global_white_80x30" name="save_file" width="100" height="28" text="保存(Ctrl+S)" borderround="2,2" valign="center" margin="4,0,4,0"/>
                        <Button class="btn_global_white_80x30" name="save_as_file" width="160" height="28" text="另存为(Ctrl+Shift+S)" borderround="2,2" valign="center" margin="4,0,4,0"/>
                    </HBox>
                    <HBox height="auto" margin="0,2,2,0">
                        <Label text="编辑：" valign="center" margin="8,0,8,0"/>
                        <Button class="btn_global_white_80x30" name="btn_copy" width="100" height="28" text="复制(Ctrl+C)" borderround="2,2" valign="center" margin="4,0,4,0"/>
                        <Button class="btn_global_white_80x30" name="btn_cut" width="100" height="28" text="剪切(Ctrl+X)" borderround="2,2" valign="center" margin="4,0,4,0"/>
                        <Button class="btn_global_white_80x30" name="btn_paste" width="100" height="28" text="粘贴(Ctrl+V)" borderround="2,2" valign="center" margin="4,0,4,0"/>
                        <Button class="btn_global_white_80x30" name="btn_delete" width="100" height="28" text="删除(Del)" borderround="2,2" valign="center" margin="4,0,4,0"/>
                        <Button class="btn_global_white_80x30" name="btn_sel_all" width="100" height="28" text="全选(Ctrl+A)" borderround="2,2" valign="center" margin="4,0,8,0"/>
                        <Button class="btn_global_white_80x30" name="btn_sel_none" width="100" height="28" text="取消选择" borderround="2,2" valign="center" margin="4,0,8,0"/>
                        <Button class="btn_global_white_80x30" name="btn_undo" width="100" height="28" text="撤销(Ctrl+Z)" borderround="2,2" valign="center" margin="4,0,4,0"/>
                        <Button class="btn_global_white_80x30" name="btn_redo" width="100" height="28" text="重做(Ctrl+Y)" borderround="2,2" valign="center" margin="4,0,4,0"/>
                    </HBox>
                    <HBox height="auto" margin="0,2,2,0">
                        <Label text="查找：" valign="center" margin="8,0,8,0"/>
                        <Button class="btn_global_white_80x30" name="btn_find_text" width="100" height="28" text="查找(Ctrl+F)" borderround="2,2" valign="center" margin="4,0,4,0"/>
                        <Button class="btn_global_white_80x30" name="btn_find_next" width="100" height="28" text="查找下一个(F3)" borderround="2,2" valign="center" margin="4,0,4,0"/>
                        <Button class="btn_global_white_80x30" name="btn_replace_text" width="100" height="28" text="替换(Ctrl+H)" borderround="2,2" valign="center" margin="4,0,4,0"/>
                   </HBox>
                   <HBox height="auto" margin="0,2,2,0">
                        <Label text="字体：" valign="center" margin="8,0,8,0"/>
                        <Button class="btn_global_white_80x30" name="set_font" width="100" height="28" text="设置字体" borderround="2,2" valign="center" margin="4,0,4,2"/>
                        <Combo class="combo" name="combo_font_name" combo_icon_class="" combo_type="drop_down" dropbox_size="0,300" height="28" width="160" tooltiptext="选择字体" margin="2,0,2,2"/>
                        <Combo class="combo" name="combo_font_size" combo_icon_class="" combo_type="drop_down" dropbox_size="0,300" height="28" width="60" margin="2,0,2,0" tooltiptext="选择字体"/>
                        <CheckBox class="checkbox_font_class" name="btn_font_bold" width="28" height="26" text="B" font="btn_font_bold_14" valign="center" margin="2,1,1,3" tooltiptext="粗体：改为较粗的字体"/>
                        <CheckBox class="checkbox_font_class" name="btn_font_italic" width="28" height="26" text="I" font="btn_font_italic_14" valign="center" margin="1,1,1,3" tooltiptext="斜体：改为倾斜的字体"/>
                        <CheckBox class="checkbox_font_class" name="btn_font_underline" width="28" height="26" text="U" font="system_underline_14" valign="center" margin="1,1,1,3" tooltiptext="下划线：在文本下面画一条线"/>
                        <CheckBox class="checkbox_font_class" name="btn_font_strikeout" width="28" height="26" text="abc" font="system_strikeout_14" valign="center" margin="1,1,1,3" tooltiptext="删除线：在文本上画一条线"/>
                        <Button class="btn_font_class" name="btn_font_size_increase" width="32" height="26" text="A+" font="btn_font_bold_14" valign="center" margin="1,1,1,3" tooltiptext="增加字体的大小"/>
                        <Button class="btn_font_class" name="btn_font_size_decrease" width="32" height="26" text="A-" font="btn_font_bold_14" valign="center" margin="1,1,1,3" tooltiptext="减小字体的大小"/>
                        <ComboButton class="combo_button" name="color_combo_button" height="28" width="48" dropbox_size="240,300" left_button_top_label_text="A" left_button_bottom_label_bkcolor="skyblue"/>
                        <Label text="(富文本模式为设置当前选择文本的格式)" font="system_12" valign="center" margin="2,0,2,0" tooltiptext="富文本模式为设置当前选择文本的格式;纯文本模式为设置所有文本的格式。"/>
                   </HBox>
                   <HBox height="auto" margin="0,2,2,0">
                        <Label text="缩放：" valign="center" margin="8,0,8,0"/>
                        <Label text="当前缩放比例：" valign="center"/>
                        <Label name="lavel_zoom_value" text="100.0%" font="system_bold_14" valign="center" margin="0,0,12,0"/>
                        <Button class="btn_font_class" name="btn_zoom_in" width="64" height="26" text="放大+" font="system_14" valign="center" margin="1,1,1,3" tooltiptext="增加字体的大小"/>
                        <Button class="btn_font_class" name="btn_zoom_out" width="64" height="26" text="缩小-" font="system_14" valign="center" margin="1,1,1,3" tooltiptext="减小字体的大小"/>
                        <Button class="btn_font_class" name="btn_zoom_off" width="120" height="26" text="复原到100%" font="system_14" valign="center" margin="1,1,1,3" tooltiptext="减小字体的大小"/>
 
                   </HBox>
                   <HBox height="auto" margin="0,2,2,2">
                        <Label text="其他：" valign="center" margin="8,0,8,0"/>
                        <CheckBox class="checkbox_font14" name="btn_word_wrap" text="自动换行" margin="4,0,0,0" selected="true" tooltiptext="是否自动换行"/>
                        <CheckBox class="checkbox_font14" name="btn_rich_text" text="富文本模式" margin="12,0,0,0" selected="true" tooltiptext="是否支持富文本格式"/>
                   </HBox>
                </VBox>
                <!-- 横向分割条，用于调整上下区域大小 -->
                <Split bkcolor="splitline_level1" height="2"/>
                <HBox bkcolor="Pink" border_size="1" border_color="blue" minwidth="60">
                    <RichEdit name="rich_edit" enable_drag_drop="true" zoom="0,0" wheel_zoom="true" multi_line="true" word_wrap="true" rich_text="false" default_context_menu="true" save_selection="true" hide_selection="false" word_wrap="true" vscrollbar="true" auto_vscroll="true" bkcolor="white"/>
                </HBox>
            </VBox>
        </HBox>
    </VBox>
</Window>
