<?xml version="1.0" encoding="UTF-8"?>
<Window size="75%,75%" caption="0,0,0,36" use_system_caption="false" shadow_attached="true" layered_window="true" min_size="600,400" size_box="4,4,4,4">
    <VBox bkcolor="bk_wnd_darkcolor">
        <!-- 标题栏区域 -->
        <HBox name="window_caption_bar" width="stretch" height="36" bkcolor="bk_wnd_lightcolor">
            <Label text="虚表（VirtualHTileListBox | VirtualVTileListBox | VirtualHListBox | VirtualVListBox）" font="system_14" valign="center" margin="8" mouse="false"/>
            <Control mouse="false"/>
            <Button class="btn_wnd_min_11" height="32" width="40" name="minbtn" margin="0,2,0,2" tooltip_text="最小化"/>
            <Box height="stretch" width="40" margin="0,2,0,2">
                <Button class="btn_wnd_max_11" height="32" width="stretch" name="maxbtn" tooltip_text="最大化"/>
                <Button class="btn_wnd_restore_11" height="32" width="stretch" name="restorebtn" visible="false" tooltip_text="还原"/>
            </Box>
            <Button class="btn_wnd_close_11" height="stretch" width="40" name="closebtn" margin="0,0,0,2" tooltip_text="关闭"/>
        </HBox>
    
        <!-- 工作区域，除了标题栏外的内容都放在这个大的Box区域 -->
        <HBox child_margin="5" bkcolor="white" padding="5,5,5,10">
            <VBox width="300" border_size="1" border_color="splitline_level2" padding="5,10,5,10" child_margin="10">
                <HBox height="30" child_margin="10">
                    <Label font="system_bold_14" text="行/列设置:"  width="auto" height="auto" valign="center" />
                    <Option class="option_1" name="option_column_auto" group="option_group" text="自动计算" margin="0,5,0,10" selected="true"/>
                    <Option class="option_1" name="option_column_fix"  group="option_group" text="固定列数" margin="0,5,0,10">
                        <Event type="select" receiver="box_column_op" applyattribute="visible=&quot;true&quot;" />
                        <Event type="unselect" receiver="box_column_op" applyattribute="visible=&quot;false&quot;" />
                    </Option>
                </HBox>        
                <HBox name="box_column_op" height="30" child_margin="10" visible="false">
                    <Control width="45" />
                    <Box border_size="1" border_color="splitline_level1" width="80"  height="26">
                        <RichEdit name="edit_column" margin="10,0,10,0"  font="system_14" width="stretch" height="auto" valign="center" normal_text_color="black" multiline="false" prompt_mode="true" prompt_text="列数" text_align="vcenter,hcenter" text="3" prompt_color="splitline_level1" auto_hscroll="true" />                  
                    </Box>
                    <CheckBox class="checkbox_1" name="checkbox_item_center" text="列表居中" margin="0,5,0,10" selected="true" />            
                </HBox>     
                <Control height="1" bkcolor="splitline_level2" />
                <VBox height="auto">
                    <HBox height="30" child_margin="10">
                        <Label font="system_bold_14" text="子项间隙X:"  width="auto" height="auto" valign="center" />
                        <Box border_size="1" border_color="splitline_level1" width="90"  height="26">
                            <RichEdit name="edit_child_margin_x" margin="10,0,10,0"  font="system_14" width="stretch" height="auto" valign="center" normal_text_color="black" multiline="false" prompt_mode="true" prompt_text="子项间隙X" text_align="vcenter,hcenter" text="" prompt_color="splitline_level1" auto_hscroll="true" />                  
                        </Box>           
                    </HBox> 
                    <HBox height="30" child_margin="10">
                        <Label font="system_bold_14" text="子项间隙Y:"  width="auto" height="auto" valign="center" />
                        <Box border_size="1" border_color="splitline_level1" width="90"  height="26">
                            <RichEdit name="edit_child_margin_y" margin="10,0,10,0"  font="system_14" width="stretch" height="auto" valign="center" normal_text_color="black" multiline="false" prompt_mode="true" prompt_text="子项间隙Y" text_align="vcenter,hcenter" text="" prompt_color="splitline_level1" auto_hscroll="true" />                  
                        </Box>           
                    </HBox> 
                </VBox>
                     
                <HBox height="30" child_margin="10">
                    <Label font="system_bold_14" text="总数据:"  width="auto" height="auto" valign="center" />
                    <Box border_size="1" border_color="splitline_level1" width="180" >
                        <RichEdit name="edit_total" margin="10,0,10,0"  font="system_14" width="stretch" height="auto" valign="center" normal_text_color="black" multiline="false" prompt_mode="true" prompt_text="总数据" prompt_color="splitline_level1" auto_hscroll="true"  />                    
                    </Box>
                   
                </HBox>
            
                <Box height="30" child_margin="10" width="stretch">
                    <Button class="btn_global_blue_80x30" halign="center" valign="center" name="btn_set_total" text="更改/设置" />
                </Box>
            
                <Control height="1" bkcolor="splitline_level2" />
            
                <HBox height="30" child_margin="10">
                    <Label font="system_bold_14" text="改变数据:"  width="auto" height="auto" valign="center" />
                    <Box border_size="1" border_color="splitline_level1" height="26">
                        <RichEdit name="edit_update" margin="10,0,10,0"  font="system_14" width="stretch" height="auto" valign="center" normal_text_color="black" multiline="false" prompt_mode="true" prompt_text="序号(下标1)" prompt_color="splitline_level1" auto_hscroll="true" text_align="vcenter,hcenter" />                  
                    </Box>
                    <Box border_size="1" border_color="splitline_level1" height="26">
                        <RichEdit name="edit_task_name" margin="10,0,10,0"  font="system_14" width="stretch" height="auto" valign="center" normal_text_color="black" multiline="false" prompt_mode="true" prompt_text="新的任务名称" prompt_color="splitline_level1" auto_hscroll="true" />                  
                    </Box>           
                </HBox>
            
                <Box height="30" child_margin="10" width="stretch">
                    <Button class="btn_global_blue_80x30" halign="center" valign="center" name="btn_update" text="更新数据" />
                </Box>
            
                <Control height="1" bkcolor="splitline_level2" />        

                <HBox height="30" child_margin="10">
                    <Label font="system_bold_14" text="删除数据:"  width="auto" height="auto" valign="center" />
                    <Box border_size="1" border_color="splitline_level1" >
                        <RichEdit name="edit_delete" margin="10,0,10,0" font="system_14" width="stretch" height="auto" valign="center" normal_text_color="black" multiline="false" prompt_mode="true" prompt_text="序号(下标1)" prompt_color="splitline_level1" auto_hscroll="true" text_align="vcenter,hcenter" />                    
                    </Box>   
                    <Button class="btn_global_red_80x30" halign="center" valign="center" name="btn_delete" text="删除数据" />            
                </HBox>
            </VBox>
            <!--column="3" width="auto" halign="center" child_margin="10" -->
            <Box>
                <VirtualVTileListBox class="list" name="list" frame_selection="true" select_none_when_click_blank="true" select_like_list_ctrl="true" multi_select="true" scroll_select="false" item_size="240,64" auto_calc_item_size="false" vscrollbar="true" hscrollbar="true" border_size="1" border_color="splitline_level2" padding="1,1,1,1"/>     
            </Box>
        </HBox>
    </VBox>
</Window>