<?xml version="1.0" encoding="utf-8"?>
<Window>
    <VListBox class="menu">
        <!-- 一级菜单 -->
        <MenuItem class="menu_element" name="first" width="180">
          <Button name="button_01" width="auto" height="auto" bkimage="menu_settings.png" valign="center" mouse="false"/>
          <Label class="menu_text" text="一级菜单项 1" margin="30,0,0,0"/>
        </MenuItem>
    
        <MenuItem class="menu_element" name="second" width="180">
          <Button name="button_02" width="auto" height="auto" bkimage="menu_proxy.png" valign="center" mouse="false"/>
          <Label class="menu_text" text="一级菜单项 2" margin="30,0,0,0"/>
        </MenuItem>
        
        <!-- 在菜单中插入普通控件，实现特定功能 -->
        <HBox class="menu_split_box" height="36">
            <Label class="menu_text" text="音量" textpadding="0,0,6,0"/>
            <Control width="auto" height="auto" bkimage="menu_speaker.png" valign="center"/>
            <Slider class="slider_green" value="70" tooltiptext="ui::Slider"/>        
        </HBox>
        
        <!-- 菜单项之间的分割线 -->
        <Box class="menu_split_box">
            <Control class="menu_split_line" />
        </Box>
        
        <MenuItem class="menu_element" name="third" width="180">
            <Button name="button_03" width="auto" height="auto" bkimage="menu_logs.png" valign="center" mouse="false"/>
            <Label class="menu_text" text="一级菜单项 3" margin="30,0,0,0"/>
        </MenuItem>
        
        <MenuItem class="menu_element" name="fourth" width="180">
            <Button name="button_04" width="auto" height="auto" bkimage="menu_tree.png" valign="center" mouse="false"/>
            <Label class="menu_text" text="二级菜单" margin="30,0,0,0"/>
            <!-- 二级菜单：第一种支持的形式（保持旧版本的兼容性） -->
            <MenuItem class="menu_element" name="sub_menu0" width="180">
                <Button name="button_44" width="auto" height="auto" bkimage="menu_tree.png" valign="center" mouse="false"/>
                <Label class="menu_text" text="二级菜单项 0" margin="30,0,0,0"/>
            </MenuItem>
            <!-- 二级菜单：第二种支持的形式（新增格式，方便在子菜单中添加通用控件） -->
            <SubMenu>
                <MenuItem class="menu_element" name="sub_menu1" width="180">
                    <Label class="menu_text" text="二级菜单项 1" margin="30,0,0,0"/>
                </MenuItem>
                <MenuItem class="menu_element" name="sub_menu2" width="180">
                    <Label class="menu_text" text="二级菜单项 2" margin="30,0,0,0"/>
                </MenuItem>
                <MenuItem class="menu_element" name="sub_menu3" width="180">
                    <Label class="menu_text" text="二级菜单项 3" margin="30,0,0,0"/>
                </MenuItem>
                <MenuItem class="menu_element" name="sub_menu4" width="180">
                    <Button name="button_05" width="auto" height="auto" bkimage="menu_tree.png" valign="center" mouse="false"/>
                    <Label class="menu_text" text="三级菜单" margin="30,0,0,0"/>
                    <!-- 三级菜单 -->
                    <MenuItem class="menu_element" name="sub_sub_menu1" width="180">
                        <Label class="menu_text" text="三级菜单项 1"/>
                    </MenuItem>
                    <MenuItem class="menu_element" name="sub_sub_menu2" width="180">
                        <Label class="menu_text" text="三级菜单项 2"/>
                    </MenuItem>
                </MenuItem>
            </SubMenu>
        </MenuItem>
        
        <!-- 菜单项之间的分割线 -->
        <Box class="menu_split_box">
            <Control class="menu_split_line" />
        </Box>
        
        <!-- 带勾选项的菜单项 -->
        <MenuItem class="menu_element" name="menu_check_01" width="180">
            <CheckBox class="menu_checkbox" name="menu_checkbox_01" text="排序方式：递增" margin="0,5,0,10" selected="true" tooltiptext="ui::Checkbox"/>
        </MenuItem>
        <MenuItem class="menu_element" name="menu_check_02" width="180">
            <CheckBox class="menu_checkbox" name="menu_checkbox_02" text="排序方式：递减" margin="0,5,0,10" selected="false" tooltiptext="ui::Checkbox"/>
        </MenuItem>
        
        <!-- 菜单项之间的分割线 -->
        <Box class="menu_split_box">
            <Control class="menu_split_line" />
        </Box>
    
        <MenuItem class="menu_element" name="about" width="auto">
            <Button name="button_06" width="auto" height="auto" bkimage="menu_about.png" valign="center" mouse="false"/>
            <Label class="menu_text" text="关于" margin="30,0,0,0"/>
        </MenuItem>
  </VListBox>
</Window>