{"v":"5.8.1","fr":30,"ip":0,"op":360,"w":783,"h":144,"nm":"Comp 1","ddd":0,"assets":[{"id":"comp_0","nm":"Pre-comp 1","fr":30,"layers":[{"ddd":0,"ind":1,"ty":5,"nm":"0%","parent":3,"sr":1,"ks":{"o":{"a":0,"k":100,"ix":11},"r":{"a":0,"k":0,"ix":10},"p":{"a":1,"k":[{"i":{"x":0.923,"y":0},"o":{"x":0.167,"y":0.167},"t":0,"s":[119.355,1693.361,0],"to":[0,0,0],"ti":[0,0,0]},{"i":{"x":0.833,"y":0.999},"o":{"x":0.167,"y":0.005},"t":34,"s":[120.23,1693.361,0],"to":[0,0,0],"ti":[0,0,0]},{"i":{"x":0.833,"y":0.833},"o":{"x":0.157,"y":1},"t":35,"s":[109.355,1693.361,0],"to":[0,0,0],"ti":[0,0,0]},{"i":{"x":0.833,"y":0.833},"o":{"x":0.167,"y":0.167},"t":358,"s":[111.377,1693.361,0],"to":[0,0,0],"ti":[0,0,0]},{"t":359,"s":[101.355,1693.361,0]}],"ix":2,"l":2},"a":{"a":0,"k":[78.078,-38.134,0],"ix":1,"l":2},"s":{"a":1,"k":[{"i":{"x":[0.833,0.833,0.833],"y":[0.833,0.833,-0.637]},"o":{"x":[0.167,0.167,0.167],"y":[0.167,0.167,1.637]},"t":34,"s":[30,30,100]},{"t":35,"s":[29,29,100]}],"ix":6,"l":2}},"ao":0,"t":{"d":{"k":[{"s":{"s":109,"f":"Ebrima-Bold","t":"0%","ca":0,"j":0,"tr":0,"lh":76,"ls":0,"fc":[1,1,1]},"t":0},{"s":{"s":109,"f":"Ebrima-Bold","t":"0%","ca":0,"j":0,"tr":0,"lh":76,"ls":0,"fc":[1,1,1]},"t":1},{"s":{"s":109,"f":"Ebrima-Bold","t":"1%","ca":0,"j":0,"tr":0,"lh":76,"ls":0,"fc":[1,1,1]},"t":2},{"s":{"s":109,"f":"Ebrima-Bold","t":"1%","ca":0,"j":0,"tr":0,"lh":76,"ls":0,"fc":[1,1,1]},"t":3},{"s":{"s":109,"f":"Ebrima-Bold","t":"1%","ca":0,"j":0,"tr":0,"lh":76,"ls":0,"fc":[1,1,1]},"t":4},{"s":{"s":109,"f":"Ebrima-Bold","t":"1%","ca":0,"j":0,"tr":0,"lh":76,"ls":0,"fc":[1,1,1]},"t":5},{"s":{"s":109,"f":"Ebrima-Bold","t":"2%","ca":0,"j":0,"tr":0,"lh":76,"ls":0,"fc":[1,1,1]},"t":6},{"s":{"s":109,"f":"Ebrima-Bold","t":"2%","ca":0,"j":0,"tr":0,"lh":76,"ls":0,"fc":[1,1,1]},"t":7},{"s":{"s":109,"f":"Ebrima-Bold","t":"2%","ca":0,"j":0,"tr":0,"lh":76,"ls":0,"fc":[1,1,1]},"t":8},{"s":{"s":109,"f":"Ebrima-Bold","t":"3%","ca":0,"j":0,"tr":0,"lh":76,"ls":0,"fc":[1,1,1]},"t":9},{"s":{"s":109,"f":"Ebrima-Bold","t":"3%","ca":0,"j":0,"tr":0,"lh":76,"ls":0,"fc":[1,1,1]},"t":10},{"s":{"s":109,"f":"Ebrima-Bold","t":"3%","ca":0,"j":0,"tr":0,"lh":76,"ls":0,"fc":[1,1,1]},"t":11},{"s":{"s":109,"f":"Ebrima-Bold","t":"3%","ca":0,"j":0,"tr":0,"lh":76,"ls":0,"fc":[1,1,1]},"t":12},{"s":{"s":109,"f":"Ebrima-Bold","t":"4%","ca":0,"j":0,"tr":0,"lh":76,"ls":0,"fc":[1,1,1]},"t":13},{"s":{"s":109,"f":"Ebrima-Bold","t":"4%","ca":0,"j":0,"tr":0,"lh":76,"ls":0,"fc":[1,1,1]},"t":14},{"s":{"s":109,"f":"Ebrima-Bold","t":"4%","ca":0,"j":0,"tr":0,"lh":76,"ls":0,"fc":[1,1,1]},"t":15},{"s":{"s":109,"f":"Ebrima-Bold","t":"4%","ca":0,"j":0,"tr":0,"lh":76,"ls":0,"fc":[1,1,1]},"t":16},{"s":{"s":109,"f":"Ebrima-Bold","t":"5%","ca":0,"j":0,"tr":0,"lh":76,"ls":0,"fc":[1,1,1]},"t":17},{"s":{"s":109,"f":"Ebrima-Bold","t":"5%","ca":0,"j":0,"tr":0,"lh":76,"ls":0,"fc":[1,1,1]},"t":18},{"s":{"s":109,"f":"Ebrima-Bold","t":"5%","ca":0,"j":0,"tr":0,"lh":76,"ls":0,"fc":[1,1,1]},"t":19},{"s":{"s":109,"f":"Ebrima-Bold","t":"6%","ca":0,"j":0,"tr":0,"lh":76,"ls":0,"fc":[1,1,1]},"t":20},{"s":{"s":109,"f":"Ebrima-Bold","t":"6%","ca":0,"j":0,"tr":0,"lh":76,"ls":0,"fc":[1,1,1]},"t":21},{"s":{"s":109,"f":"Ebrima-Bold","t":"6%","ca":0,"j":0,"tr":0,"lh":76,"ls":0,"fc":[1,1,1]},"t":22},{"s":{"s":109,"f":"Ebrima-Bold","t":"6%","ca":0,"j":0,"tr":0,"lh":76,"ls":0,"fc":[1,1,1]},"t":23},{"s":{"s":109,"f":"Ebrima-Bold","t":"7%","ca":0,"j":0,"tr":0,"lh":76,"ls":0,"fc":[1,1,1]},"t":24},{"s":{"s":109,"f":"Ebrima-Bold","t":"7%","ca":0,"j":0,"tr":0,"lh":76,"ls":0,"fc":[1,1,1]},"t":25},{"s":{"s":109,"f":"Ebrima-Bold","t":"7%","ca":0,"j":0,"tr":0,"lh":76,"ls":0,"fc":[1,1,1]},"t":26},{"s":{"s":109,"f":"Ebrima-Bold","t":"8%","ca":0,"j":0,"tr":0,"lh":76,"ls":0,"fc":[1,1,1]},"t":27},{"s":{"s":109,"f":"Ebrima-Bold","t":"8%","ca":0,"j":0,"tr":0,"lh":76,"ls":0,"fc":[1,1,1]},"t":28},{"s":{"s":109,"f":"Ebrima-Bold","t":"8%","ca":0,"j":0,"tr":0,"lh":76,"ls":0,"fc":[1,1,1]},"t":29},{"s":{"s":109,"f":"Ebrima-Bold","t":"8%","ca":0,"j":0,"tr":0,"lh":76,"ls":0,"fc":[1,1,1]},"t":30},{"s":{"s":109,"f":"Ebrima-Bold","t":"9%","ca":0,"j":0,"tr":0,"lh":76,"ls":0,"fc":[1,1,1]},"t":31},{"s":{"s":109,"f":"Ebrima-Bold","t":"9%","ca":0,"j":0,"tr":0,"lh":76,"ls":0,"fc":[1,1,1]},"t":32},{"s":{"s":109,"f":"Ebrima-Bold","t":"9%","ca":0,"j":0,"tr":0,"lh":76,"ls":0,"fc":[1,1,1]},"t":33},{"s":{"s":109,"f":"Ebrima-Bold","t":"9%","ca":0,"j":0,"tr":0,"lh":76,"ls":0,"fc":[1,1,1]},"t":34},{"s":{"s":109,"f":"Ebrima-Bold","t":"10%","ca":0,"j":0,"tr":0,"lh":76,"ls":0,"fc":[1,1,1]},"t":35},{"s":{"s":109,"f":"Ebrima-Bold","t":"10%","ca":0,"j":0,"tr":0,"lh":76,"ls":0,"fc":[1,1,1]},"t":36},{"s":{"s":109,"f":"Ebrima-Bold","t":"10%","ca":0,"j":0,"tr":0,"lh":76,"ls":0,"fc":[1,1,1]},"t":37},{"s":{"s":109,"f":"Ebrima-Bold","t":"11%","ca":0,"j":0,"tr":0,"lh":76,"ls":0,"fc":[1,1,1]},"t":38},{"s":{"s":109,"f":"Ebrima-Bold","t":"11%","ca":0,"j":0,"tr":0,"lh":76,"ls":0,"fc":[1,1,1]},"t":39},{"s":{"s":109,"f":"Ebrima-Bold","t":"11%","ca":0,"j":0,"tr":0,"lh":76,"ls":0,"fc":[1,1,1]},"t":40},{"s":{"s":109,"f":"Ebrima-Bold","t":"11%","ca":0,"j":0,"tr":0,"lh":76,"ls":0,"fc":[1,1,1]},"t":41},{"s":{"s":109,"f":"Ebrima-Bold","t":"12%","ca":0,"j":0,"tr":0,"lh":76,"ls":0,"fc":[1,1,1]},"t":42},{"s":{"s":109,"f":"Ebrima-Bold","t":"12%","ca":0,"j":0,"tr":0,"lh":76,"ls":0,"fc":[1,1,1]},"t":43},{"s":{"s":109,"f":"Ebrima-Bold","t":"12%","ca":0,"j":0,"tr":0,"lh":76,"ls":0,"fc":[1,1,1]},"t":44},{"s":{"s":109,"f":"Ebrima-Bold","t":"13%","ca":0,"j":0,"tr":0,"lh":76,"ls":0,"fc":[1,1,1]},"t":45},{"s":{"s":109,"f":"Ebrima-Bold","t":"13%","ca":0,"j":0,"tr":0,"lh":76,"ls":0,"fc":[1,1,1]},"t":46},{"s":{"s":109,"f":"Ebrima-Bold","t":"13%","ca":0,"j":0,"tr":0,"lh":76,"ls":0,"fc":[1,1,1]},"t":47},{"s":{"s":109,"f":"Ebrima-Bold","t":"13%","ca":0,"j":0,"tr":0,"lh":76,"ls":0,"fc":[1,1,1]},"t":48},{"s":{"s":109,"f":"Ebrima-Bold","t":"14%","ca":0,"j":0,"tr":0,"lh":76,"ls":0,"fc":[1,1,1]},"t":49},{"s":{"s":109,"f":"Ebrima-Bold","t":"14%","ca":0,"j":0,"tr":0,"lh":76,"ls":0,"fc":[1,1,1]},"t":50},{"s":{"s":109,"f":"Ebrima-Bold","t":"14%","ca":0,"j":0,"tr":0,"lh":76,"ls":0,"fc":[1,1,1]},"t":51},{"s":{"s":109,"f":"Ebrima-Bold","t":"14%","ca":0,"j":0,"tr":0,"lh":76,"ls":0,"fc":[1,1,1]},"t":52},{"s":{"s":109,"f":"Ebrima-Bold","t":"15%","ca":0,"j":0,"tr":0,"lh":76,"ls":0,"fc":[1,1,1]},"t":53},{"s":{"s":109,"f":"Ebrima-Bold","t":"15%","ca":0,"j":0,"tr":0,"lh":76,"ls":0,"fc":[1,1,1]},"t":54},{"s":{"s":109,"f":"Ebrima-Bold","t":"15%","ca":0,"j":0,"tr":0,"lh":76,"ls":0,"fc":[1,1,1]},"t":55},{"s":{"s":109,"f":"Ebrima-Bold","t":"16%","ca":0,"j":0,"tr":0,"lh":76,"ls":0,"fc":[1,1,1]},"t":56},{"s":{"s":109,"f":"Ebrima-Bold","t":"16%","ca":0,"j":0,"tr":0,"lh":76,"ls":0,"fc":[1,1,1]},"t":57},{"s":{"s":109,"f":"Ebrima-Bold","t":"16%","ca":0,"j":0,"tr":0,"lh":76,"ls":0,"fc":[1,1,1]},"t":58},{"s":{"s":109,"f":"Ebrima-Bold","t":"16%","ca":0,"j":0,"tr":0,"lh":76,"ls":0,"fc":[1,1,1]},"t":59},{"s":{"s":109,"f":"Ebrima-Bold","t":"17%","ca":0,"j":0,"tr":0,"lh":76,"ls":0,"fc":[1,1,1]},"t":60},{"s":{"s":109,"f":"Ebrima-Bold","t":"17%","ca":0,"j":0,"tr":0,"lh":76,"ls":0,"fc":[1,1,1]},"t":61},{"s":{"s":109,"f":"Ebrima-Bold","t":"17%","ca":0,"j":0,"tr":0,"lh":76,"ls":0,"fc":[1,1,1]},"t":62},{"s":{"s":109,"f":"Ebrima-Bold","t":"18%","ca":0,"j":0,"tr":0,"lh":76,"ls":0,"fc":[1,1,1]},"t":63},{"s":{"s":109,"f":"Ebrima-Bold","t":"18%","ca":0,"j":0,"tr":0,"lh":76,"ls":0,"fc":[1,1,1]},"t":64},{"s":{"s":109,"f":"Ebrima-Bold","t":"18%","ca":0,"j":0,"tr":0,"lh":76,"ls":0,"fc":[1,1,1]},"t":65},{"s":{"s":109,"f":"Ebrima-Bold","t":"18%","ca":0,"j":0,"tr":0,"lh":76,"ls":0,"fc":[1,1,1]},"t":66},{"s":{"s":109,"f":"Ebrima-Bold","t":"19%","ca":0,"j":0,"tr":0,"lh":76,"ls":0,"fc":[1,1,1]},"t":67},{"s":{"s":109,"f":"Ebrima-Bold","t":"19%","ca":0,"j":0,"tr":0,"lh":76,"ls":0,"fc":[1,1,1]},"t":68},{"s":{"s":109,"f":"Ebrima-Bold","t":"19%","ca":0,"j":0,"tr":0,"lh":76,"ls":0,"fc":[1,1,1]},"t":69},{"s":{"s":109,"f":"Ebrima-Bold","t":"19%","ca":0,"j":0,"tr":0,"lh":76,"ls":0,"fc":[1,1,1]},"t":70},{"s":{"s":109,"f":"Ebrima-Bold","t":"20%","ca":0,"j":0,"tr":0,"lh":76,"ls":0,"fc":[1,1,1]},"t":71},{"s":{"s":109,"f":"Ebrima-Bold","t":"20%","ca":0,"j":0,"tr":0,"lh":76,"ls":0,"fc":[1,1,1]},"t":72},{"s":{"s":109,"f":"Ebrima-Bold","t":"20%","ca":0,"j":0,"tr":0,"lh":76,"ls":0,"fc":[1,1,1]},"t":73},{"s":{"s":109,"f":"Ebrima-Bold","t":"21%","ca":0,"j":0,"tr":0,"lh":76,"ls":0,"fc":[1,1,1]},"t":74},{"s":{"s":109,"f":"Ebrima-Bold","t":"21%","ca":0,"j":0,"tr":0,"lh":76,"ls":0,"fc":[1,1,1]},"t":75},{"s":{"s":109,"f":"Ebrima-Bold","t":"21%","ca":0,"j":0,"tr":0,"lh":76,"ls":0,"fc":[1,1,1]},"t":76},{"s":{"s":109,"f":"Ebrima-Bold","t":"21%","ca":0,"j":0,"tr":0,"lh":76,"ls":0,"fc":[1,1,1]},"t":77},{"s":{"s":109,"f":"Ebrima-Bold","t":"22%","ca":0,"j":0,"tr":0,"lh":76,"ls":0,"fc":[1,1,1]},"t":78},{"s":{"s":109,"f":"Ebrima-Bold","t":"22%","ca":0,"j":0,"tr":0,"lh":76,"ls":0,"fc":[1,1,1]},"t":79},{"s":{"s":109,"f":"Ebrima-Bold","t":"22%","ca":0,"j":0,"tr":0,"lh":76,"ls":0,"fc":[1,1,1]},"t":80},{"s":{"s":109,"f":"Ebrima-Bold","t":"23%","ca":0,"j":0,"tr":0,"lh":76,"ls":0,"fc":[1,1,1]},"t":81},{"s":{"s":109,"f":"Ebrima-Bold","t":"23%","ca":0,"j":0,"tr":0,"lh":76,"ls":0,"fc":[1,1,1]},"t":82},{"s":{"s":109,"f":"Ebrima-Bold","t":"23%","ca":0,"j":0,"tr":0,"lh":76,"ls":0,"fc":[1,1,1]},"t":83},{"s":{"s":109,"f":"Ebrima-Bold","t":"23%","ca":0,"j":0,"tr":0,"lh":76,"ls":0,"fc":[1,1,1]},"t":84},{"s":{"s":109,"f":"Ebrima-Bold","t":"24%","ca":0,"j":0,"tr":0,"lh":76,"ls":0,"fc":[1,1,1]},"t":85},{"s":{"s":109,"f":"Ebrima-Bold","t":"24%","ca":0,"j":0,"tr":0,"lh":76,"ls":0,"fc":[1,1,1]},"t":86},{"s":{"s":109,"f":"Ebrima-Bold","t":"24%","ca":0,"j":0,"tr":0,"lh":76,"ls":0,"fc":[1,1,1]},"t":87},{"s":{"s":109,"f":"Ebrima-Bold","t":"24%","ca":0,"j":0,"tr":0,"lh":76,"ls":0,"fc":[1,1,1]},"t":88},{"s":{"s":109,"f":"Ebrima-Bold","t":"25%","ca":0,"j":0,"tr":0,"lh":76,"ls":0,"fc":[1,1,1]},"t":89},{"s":{"s":109,"f":"Ebrima-Bold","t":"25%","ca":0,"j":0,"tr":0,"lh":76,"ls":0,"fc":[1,1,1]},"t":90},{"s":{"s":109,"f":"Ebrima-Bold","t":"25%","ca":0,"j":0,"tr":0,"lh":76,"ls":0,"fc":[1,1,1]},"t":91},{"s":{"s":109,"f":"Ebrima-Bold","t":"26%","ca":0,"j":0,"tr":0,"lh":76,"ls":0,"fc":[1,1,1]},"t":92},{"s":{"s":109,"f":"Ebrima-Bold","t":"26%","ca":0,"j":0,"tr":0,"lh":76,"ls":0,"fc":[1,1,1]},"t":93},{"s":{"s":109,"f":"Ebrima-Bold","t":"26%","ca":0,"j":0,"tr":0,"lh":76,"ls":0,"fc":[1,1,1]},"t":94},{"s":{"s":109,"f":"Ebrima-Bold","t":"26%","ca":0,"j":0,"tr":0,"lh":76,"ls":0,"fc":[1,1,1]},"t":95},{"s":{"s":109,"f":"Ebrima-Bold","t":"27%","ca":0,"j":0,"tr":0,"lh":76,"ls":0,"fc":[1,1,1]},"t":96},{"s":{"s":109,"f":"Ebrima-Bold","t":"27%","ca":0,"j":0,"tr":0,"lh":76,"ls":0,"fc":[1,1,1]},"t":97},{"s":{"s":109,"f":"Ebrima-Bold","t":"27%","ca":0,"j":0,"tr":0,"lh":76,"ls":0,"fc":[1,1,1]},"t":98},{"s":{"s":109,"f":"Ebrima-Bold","t":"27%","ca":0,"j":0,"tr":0,"lh":76,"ls":0,"fc":[1,1,1]},"t":99},{"s":{"s":109,"f":"Ebrima-Bold","t":"28%","ca":0,"j":0,"tr":0,"lh":76,"ls":0,"fc":[1,1,1]},"t":100},{"s":{"s":109,"f":"Ebrima-Bold","t":"28%","ca":0,"j":0,"tr":0,"lh":76,"ls":0,"fc":[1,1,1]},"t":101},{"s":{"s":109,"f":"Ebrima-Bold","t":"28%","ca":0,"j":0,"tr":0,"lh":76,"ls":0,"fc":[1,1,1]},"t":102},{"s":{"s":109,"f":"Ebrima-Bold","t":"29%","ca":0,"j":0,"tr":0,"lh":76,"ls":0,"fc":[1,1,1]},"t":103},{"s":{"s":109,"f":"Ebrima-Bold","t":"29%","ca":0,"j":0,"tr":0,"lh":76,"ls":0,"fc":[1,1,1]},"t":104},{"s":{"s":109,"f":"Ebrima-Bold","t":"29%","ca":0,"j":0,"tr":0,"lh":76,"ls":0,"fc":[1,1,1]},"t":105},{"s":{"s":109,"f":"Ebrima-Bold","t":"29%","ca":0,"j":0,"tr":0,"lh":76,"ls":0,"fc":[1,1,1]},"t":106},{"s":{"s":109,"f":"Ebrima-Bold","t":"30%","ca":0,"j":0,"tr":0,"lh":76,"ls":0,"fc":[1,1,1]},"t":107},{"s":{"s":109,"f":"Ebrima-Bold","t":"30%","ca":0,"j":0,"tr":0,"lh":76,"ls":0,"fc":[1,1,1]},"t":108},{"s":{"s":109,"f":"Ebrima-Bold","t":"30%","ca":0,"j":0,"tr":0,"lh":76,"ls":0,"fc":[1,1,1]},"t":109},{"s":{"s":109,"f":"Ebrima-Bold","t":"31%","ca":0,"j":0,"tr":0,"lh":76,"ls":0,"fc":[1,1,1]},"t":110},{"s":{"s":109,"f":"Ebrima-Bold","t":"31%","ca":0,"j":0,"tr":0,"lh":76,"ls":0,"fc":[1,1,1]},"t":111},{"s":{"s":109,"f":"Ebrima-Bold","t":"31%","ca":0,"j":0,"tr":0,"lh":76,"ls":0,"fc":[1,1,1]},"t":112},{"s":{"s":109,"f":"Ebrima-Bold","t":"31%","ca":0,"j":0,"tr":0,"lh":76,"ls":0,"fc":[1,1,1]},"t":113},{"s":{"s":109,"f":"Ebrima-Bold","t":"32%","ca":0,"j":0,"tr":0,"lh":76,"ls":0,"fc":[1,1,1]},"t":114},{"s":{"s":109,"f":"Ebrima-Bold","t":"32%","ca":0,"j":0,"tr":0,"lh":76,"ls":0,"fc":[1,1,1]},"t":115},{"s":{"s":109,"f":"Ebrima-Bold","t":"32%","ca":0,"j":0,"tr":0,"lh":76,"ls":0,"fc":[1,1,1]},"t":116},{"s":{"s":109,"f":"Ebrima-Bold","t":"33%","ca":0,"j":0,"tr":0,"lh":76,"ls":0,"fc":[1,1,1]},"t":117},{"s":{"s":109,"f":"Ebrima-Bold","t":"33%","ca":0,"j":0,"tr":0,"lh":76,"ls":0,"fc":[1,1,1]},"t":118},{"s":{"s":109,"f":"Ebrima-Bold","t":"33%","ca":0,"j":0,"tr":0,"lh":76,"ls":0,"fc":[1,1,1]},"t":119},{"s":{"s":109,"f":"Ebrima-Bold","t":"33%","ca":0,"j":0,"tr":0,"lh":76,"ls":0,"fc":[1,1,1]},"t":120},{"s":{"s":109,"f":"Ebrima-Bold","t":"34%","ca":0,"j":0,"tr":0,"lh":76,"ls":0,"fc":[1,1,1]},"t":121},{"s":{"s":109,"f":"Ebrima-Bold","t":"34%","ca":0,"j":0,"tr":0,"lh":76,"ls":0,"fc":[1,1,1]},"t":122},{"s":{"s":109,"f":"Ebrima-Bold","t":"34%","ca":0,"j":0,"tr":0,"lh":76,"ls":0,"fc":[1,1,1]},"t":123},{"s":{"s":109,"f":"Ebrima-Bold","t":"34%","ca":0,"j":0,"tr":0,"lh":76,"ls":0,"fc":[1,1,1]},"t":124},{"s":{"s":109,"f":"Ebrima-Bold","t":"35%","ca":0,"j":0,"tr":0,"lh":76,"ls":0,"fc":[1,1,1]},"t":125},{"s":{"s":109,"f":"Ebrima-Bold","t":"35%","ca":0,"j":0,"tr":0,"lh":76,"ls":0,"fc":[1,1,1]},"t":126},{"s":{"s":109,"f":"Ebrima-Bold","t":"35%","ca":0,"j":0,"tr":0,"lh":76,"ls":0,"fc":[1,1,1]},"t":127},{"s":{"s":109,"f":"Ebrima-Bold","t":"36%","ca":0,"j":0,"tr":0,"lh":76,"ls":0,"fc":[1,1,1]},"t":128},{"s":{"s":109,"f":"Ebrima-Bold","t":"36%","ca":0,"j":0,"tr":0,"lh":76,"ls":0,"fc":[1,1,1]},"t":129},{"s":{"s":109,"f":"Ebrima-Bold","t":"36%","ca":0,"j":0,"tr":0,"lh":76,"ls":0,"fc":[1,1,1]},"t":130},{"s":{"s":109,"f":"Ebrima-Bold","t":"36%","ca":0,"j":0,"tr":0,"lh":76,"ls":0,"fc":[1,1,1]},"t":131},{"s":{"s":109,"f":"Ebrima-Bold","t":"37%","ca":0,"j":0,"tr":0,"lh":76,"ls":0,"fc":[1,1,1]},"t":132},{"s":{"s":109,"f":"Ebrima-Bold","t":"37%","ca":0,"j":0,"tr":0,"lh":76,"ls":0,"fc":[1,1,1]},"t":133},{"s":{"s":109,"f":"Ebrima-Bold","t":"37%","ca":0,"j":0,"tr":0,"lh":76,"ls":0,"fc":[1,1,1]},"t":134},{"s":{"s":109,"f":"Ebrima-Bold","t":"38%","ca":0,"j":0,"tr":0,"lh":76,"ls":0,"fc":[1,1,1]},"t":135},{"s":{"s":109,"f":"Ebrima-Bold","t":"38%","ca":0,"j":0,"tr":0,"lh":76,"ls":0,"fc":[1,1,1]},"t":136},{"s":{"s":109,"f":"Ebrima-Bold","t":"38%","ca":0,"j":0,"tr":0,"lh":76,"ls":0,"fc":[1,1,1]},"t":137},{"s":{"s":109,"f":"Ebrima-Bold","t":"38%","ca":0,"j":0,"tr":0,"lh":76,"ls":0,"fc":[1,1,1]},"t":138},{"s":{"s":109,"f":"Ebrima-Bold","t":"39%","ca":0,"j":0,"tr":0,"lh":76,"ls":0,"fc":[1,1,1]},"t":139},{"s":{"s":109,"f":"Ebrima-Bold","t":"39%","ca":0,"j":0,"tr":0,"lh":76,"ls":0,"fc":[1,1,1]},"t":140},{"s":{"s":109,"f":"Ebrima-Bold","t":"39%","ca":0,"j":0,"tr":0,"lh":76,"ls":0,"fc":[1,1,1]},"t":141},{"s":{"s":109,"f":"Ebrima-Bold","t":"39%","ca":0,"j":0,"tr":0,"lh":76,"ls":0,"fc":[1,1,1]},"t":142},{"s":{"s":109,"f":"Ebrima-Bold","t":"40%","ca":0,"j":0,"tr":0,"lh":76,"ls":0,"fc":[1,1,1]},"t":143},{"s":{"s":109,"f":"Ebrima-Bold","t":"40%","ca":0,"j":0,"tr":0,"lh":76,"ls":0,"fc":[1,1,1]},"t":144},{"s":{"s":109,"f":"Ebrima-Bold","t":"40%","ca":0,"j":0,"tr":0,"lh":76,"ls":0,"fc":[1,1,1]},"t":145},{"s":{"s":109,"f":"Ebrima-Bold","t":"41%","ca":0,"j":0,"tr":0,"lh":76,"ls":0,"fc":[1,1,1]},"t":146},{"s":{"s":109,"f":"Ebrima-Bold","t":"41%","ca":0,"j":0,"tr":0,"lh":76,"ls":0,"fc":[1,1,1]},"t":147},{"s":{"s":109,"f":"Ebrima-Bold","t":"41%","ca":0,"j":0,"tr":0,"lh":76,"ls":0,"fc":[1,1,1]},"t":148},{"s":{"s":109,"f":"Ebrima-Bold","t":"41%","ca":0,"j":0,"tr":0,"lh":76,"ls":0,"fc":[1,1,1]},"t":149},{"s":{"s":109,"f":"Ebrima-Bold","t":"42%","ca":0,"j":0,"tr":0,"lh":76,"ls":0,"fc":[1,1,1]},"t":150},{"s":{"s":109,"f":"Ebrima-Bold","t":"42%","ca":0,"j":0,"tr":0,"lh":76,"ls":0,"fc":[1,1,1]},"t":151},{"s":{"s":109,"f":"Ebrima-Bold","t":"42%","ca":0,"j":0,"tr":0,"lh":76,"ls":0,"fc":[1,1,1]},"t":152},{"s":{"s":109,"f":"Ebrima-Bold","t":"43%","ca":0,"j":0,"tr":0,"lh":76,"ls":0,"fc":[1,1,1]},"t":153},{"s":{"s":109,"f":"Ebrima-Bold","t":"43%","ca":0,"j":0,"tr":0,"lh":76,"ls":0,"fc":[1,1,1]},"t":154},{"s":{"s":109,"f":"Ebrima-Bold","t":"43%","ca":0,"j":0,"tr":0,"lh":76,"ls":0,"fc":[1,1,1]},"t":155},{"s":{"s":109,"f":"Ebrima-Bold","t":"43%","ca":0,"j":0,"tr":0,"lh":76,"ls":0,"fc":[1,1,1]},"t":156},{"s":{"s":109,"f":"Ebrima-Bold","t":"44%","ca":0,"j":0,"tr":0,"lh":76,"ls":0,"fc":[1,1,1]},"t":157},{"s":{"s":109,"f":"Ebrima-Bold","t":"44%","ca":0,"j":0,"tr":0,"lh":76,"ls":0,"fc":[1,1,1]},"t":158},{"s":{"s":109,"f":"Ebrima-Bold","t":"44%","ca":0,"j":0,"tr":0,"lh":76,"ls":0,"fc":[1,1,1]},"t":159},{"s":{"s":109,"f":"Ebrima-Bold","t":"44%","ca":0,"j":0,"tr":0,"lh":76,"ls":0,"fc":[1,1,1]},"t":160},{"s":{"s":109,"f":"Ebrima-Bold","t":"45%","ca":0,"j":0,"tr":0,"lh":76,"ls":0,"fc":[1,1,1]},"t":161},{"s":{"s":109,"f":"Ebrima-Bold","t":"45%","ca":0,"j":0,"tr":0,"lh":76,"ls":0,"fc":[1,1,1]},"t":162},{"s":{"s":109,"f":"Ebrima-Bold","t":"45%","ca":0,"j":0,"tr":0,"lh":76,"ls":0,"fc":[1,1,1]},"t":163},{"s":{"s":109,"f":"Ebrima-Bold","t":"46%","ca":0,"j":0,"tr":0,"lh":76,"ls":0,"fc":[1,1,1]},"t":164},{"s":{"s":109,"f":"Ebrima-Bold","t":"46%","ca":0,"j":0,"tr":0,"lh":76,"ls":0,"fc":[1,1,1]},"t":165},{"s":{"s":109,"f":"Ebrima-Bold","t":"46%","ca":0,"j":0,"tr":0,"lh":76,"ls":0,"fc":[1,1,1]},"t":166},{"s":{"s":109,"f":"Ebrima-Bold","t":"46%","ca":0,"j":0,"tr":0,"lh":76,"ls":0,"fc":[1,1,1]},"t":167},{"s":{"s":109,"f":"Ebrima-Bold","t":"47%","ca":0,"j":0,"tr":0,"lh":76,"ls":0,"fc":[1,1,1]},"t":168},{"s":{"s":109,"f":"Ebrima-Bold","t":"47%","ca":0,"j":0,"tr":0,"lh":76,"ls":0,"fc":[1,1,1]},"t":169},{"s":{"s":109,"f":"Ebrima-Bold","t":"47%","ca":0,"j":0,"tr":0,"lh":76,"ls":0,"fc":[1,1,1]},"t":170},{"s":{"s":109,"f":"Ebrima-Bold","t":"48%","ca":0,"j":0,"tr":0,"lh":76,"ls":0,"fc":[1,1,1]},"t":171},{"s":{"s":109,"f":"Ebrima-Bold","t":"48%","ca":0,"j":0,"tr":0,"lh":76,"ls":0,"fc":[1,1,1]},"t":172},{"s":{"s":109,"f":"Ebrima-Bold","t":"48%","ca":0,"j":0,"tr":0,"lh":76,"ls":0,"fc":[1,1,1]},"t":173},{"s":{"s":109,"f":"Ebrima-Bold","t":"48%","ca":0,"j":0,"tr":0,"lh":76,"ls":0,"fc":[1,1,1]},"t":174},{"s":{"s":109,"f":"Ebrima-Bold","t":"49%","ca":0,"j":0,"tr":0,"lh":76,"ls":0,"fc":[1,1,1]},"t":175},{"s":{"s":109,"f":"Ebrima-Bold","t":"49%","ca":0,"j":0,"tr":0,"lh":76,"ls":0,"fc":[1,1,1]},"t":176},{"s":{"s":109,"f":"Ebrima-Bold","t":"49%","ca":0,"j":0,"tr":0,"lh":76,"ls":0,"fc":[1,1,1]},"t":177},{"s":{"s":109,"f":"Ebrima-Bold","t":"49%","ca":0,"j":0,"tr":0,"lh":76,"ls":0,"fc":[1,1,1]},"t":178},{"s":{"s":109,"f":"Ebrima-Bold","t":"50%","ca":0,"j":0,"tr":0,"lh":76,"ls":0,"fc":[1,1,1]},"t":179},{"s":{"s":109,"f":"Ebrima-Bold","t":"50%","ca":0,"j":0,"tr":0,"lh":76,"ls":0,"fc":[1,1,1]},"t":180},{"s":{"s":109,"f":"Ebrima-Bold","t":"50%","ca":0,"j":0,"tr":0,"lh":76,"ls":0,"fc":[1,1,1]},"t":181},{"s":{"s":109,"f":"Ebrima-Bold","t":"51%","ca":0,"j":0,"tr":0,"lh":76,"ls":0,"fc":[1,1,1]},"t":182},{"s":{"s":109,"f":"Ebrima-Bold","t":"51%","ca":0,"j":0,"tr":0,"lh":76,"ls":0,"fc":[1,1,1]},"t":183},{"s":{"s":109,"f":"Ebrima-Bold","t":"51%","ca":0,"j":0,"tr":0,"lh":76,"ls":0,"fc":[1,1,1]},"t":184},{"s":{"s":109,"f":"Ebrima-Bold","t":"51%","ca":0,"j":0,"tr":0,"lh":76,"ls":0,"fc":[1,1,1]},"t":185},{"s":{"s":109,"f":"Ebrima-Bold","t":"52%","ca":0,"j":0,"tr":0,"lh":76,"ls":0,"fc":[1,1,1]},"t":186},{"s":{"s":109,"f":"Ebrima-Bold","t":"52%","ca":0,"j":0,"tr":0,"lh":76,"ls":0,"fc":[1,1,1]},"t":187},{"s":{"s":109,"f":"Ebrima-Bold","t":"52%","ca":0,"j":0,"tr":0,"lh":76,"ls":0,"fc":[1,1,1]},"t":188},{"s":{"s":109,"f":"Ebrima-Bold","t":"53%","ca":0,"j":0,"tr":0,"lh":76,"ls":0,"fc":[1,1,1]},"t":189},{"s":{"s":109,"f":"Ebrima-Bold","t":"53%","ca":0,"j":0,"tr":0,"lh":76,"ls":0,"fc":[1,1,1]},"t":190},{"s":{"s":109,"f":"Ebrima-Bold","t":"53%","ca":0,"j":0,"tr":0,"lh":76,"ls":0,"fc":[1,1,1]},"t":191},{"s":{"s":109,"f":"Ebrima-Bold","t":"53%","ca":0,"j":0,"tr":0,"lh":76,"ls":0,"fc":[1,1,1]},"t":192},{"s":{"s":109,"f":"Ebrima-Bold","t":"54%","ca":0,"j":0,"tr":0,"lh":76,"ls":0,"fc":[1,1,1]},"t":193},{"s":{"s":109,"f":"Ebrima-Bold","t":"54%","ca":0,"j":0,"tr":0,"lh":76,"ls":0,"fc":[1,1,1]},"t":194},{"s":{"s":109,"f":"Ebrima-Bold","t":"54%","ca":0,"j":0,"tr":0,"lh":76,"ls":0,"fc":[1,1,1]},"t":195},{"s":{"s":109,"f":"Ebrima-Bold","t":"54%","ca":0,"j":0,"tr":0,"lh":76,"ls":0,"fc":[1,1,1]},"t":196},{"s":{"s":109,"f":"Ebrima-Bold","t":"55%","ca":0,"j":0,"tr":0,"lh":76,"ls":0,"fc":[1,1,1]},"t":197},{"s":{"s":109,"f":"Ebrima-Bold","t":"55%","ca":0,"j":0,"tr":0,"lh":76,"ls":0,"fc":[1,1,1]},"t":198},{"s":{"s":109,"f":"Ebrima-Bold","t":"55%","ca":0,"j":0,"tr":0,"lh":76,"ls":0,"fc":[1,1,1]},"t":199},{"s":{"s":109,"f":"Ebrima-Bold","t":"56%","ca":0,"j":0,"tr":0,"lh":76,"ls":0,"fc":[1,1,1]},"t":200},{"s":{"s":109,"f":"Ebrima-Bold","t":"56%","ca":0,"j":0,"tr":0,"lh":76,"ls":0,"fc":[1,1,1]},"t":201},{"s":{"s":109,"f":"Ebrima-Bold","t":"56%","ca":0,"j":0,"tr":0,"lh":76,"ls":0,"fc":[1,1,1]},"t":202},{"s":{"s":109,"f":"Ebrima-Bold","t":"56%","ca":0,"j":0,"tr":0,"lh":76,"ls":0,"fc":[1,1,1]},"t":203},{"s":{"s":109,"f":"Ebrima-Bold","t":"57%","ca":0,"j":0,"tr":0,"lh":76,"ls":0,"fc":[1,1,1]},"t":204},{"s":{"s":109,"f":"Ebrima-Bold","t":"57%","ca":0,"j":0,"tr":0,"lh":76,"ls":0,"fc":[1,1,1]},"t":205},{"s":{"s":109,"f":"Ebrima-Bold","t":"57%","ca":0,"j":0,"tr":0,"lh":76,"ls":0,"fc":[1,1,1]},"t":206},{"s":{"s":109,"f":"Ebrima-Bold","t":"58%","ca":0,"j":0,"tr":0,"lh":76,"ls":0,"fc":[1,1,1]},"t":207},{"s":{"s":109,"f":"Ebrima-Bold","t":"58%","ca":0,"j":0,"tr":0,"lh":76,"ls":0,"fc":[1,1,1]},"t":208},{"s":{"s":109,"f":"Ebrima-Bold","t":"58%","ca":0,"j":0,"tr":0,"lh":76,"ls":0,"fc":[1,1,1]},"t":209},{"s":{"s":109,"f":"Ebrima-Bold","t":"58%","ca":0,"j":0,"tr":0,"lh":76,"ls":0,"fc":[1,1,1]},"t":210},{"s":{"s":109,"f":"Ebrima-Bold","t":"59%","ca":0,"j":0,"tr":0,"lh":76,"ls":0,"fc":[1,1,1]},"t":211},{"s":{"s":109,"f":"Ebrima-Bold","t":"59%","ca":0,"j":0,"tr":0,"lh":76,"ls":0,"fc":[1,1,1]},"t":212},{"s":{"s":109,"f":"Ebrima-Bold","t":"59%","ca":0,"j":0,"tr":0,"lh":76,"ls":0,"fc":[1,1,1]},"t":213},{"s":{"s":109,"f":"Ebrima-Bold","t":"59%","ca":0,"j":0,"tr":0,"lh":76,"ls":0,"fc":[1,1,1]},"t":214},{"s":{"s":109,"f":"Ebrima-Bold","t":"60%","ca":0,"j":0,"tr":0,"lh":76,"ls":0,"fc":[1,1,1]},"t":215},{"s":{"s":109,"f":"Ebrima-Bold","t":"60%","ca":0,"j":0,"tr":0,"lh":76,"ls":0,"fc":[1,1,1]},"t":216},{"s":{"s":109,"f":"Ebrima-Bold","t":"60%","ca":0,"j":0,"tr":0,"lh":76,"ls":0,"fc":[1,1,1]},"t":217},{"s":{"s":109,"f":"Ebrima-Bold","t":"61%","ca":0,"j":0,"tr":0,"lh":76,"ls":0,"fc":[1,1,1]},"t":218},{"s":{"s":109,"f":"Ebrima-Bold","t":"61%","ca":0,"j":0,"tr":0,"lh":76,"ls":0,"fc":[1,1,1]},"t":219},{"s":{"s":109,"f":"Ebrima-Bold","t":"61%","ca":0,"j":0,"tr":0,"lh":76,"ls":0,"fc":[1,1,1]},"t":220},{"s":{"s":109,"f":"Ebrima-Bold","t":"61%","ca":0,"j":0,"tr":0,"lh":76,"ls":0,"fc":[1,1,1]},"t":221},{"s":{"s":109,"f":"Ebrima-Bold","t":"62%","ca":0,"j":0,"tr":0,"lh":76,"ls":0,"fc":[1,1,1]},"t":222},{"s":{"s":109,"f":"Ebrima-Bold","t":"62%","ca":0,"j":0,"tr":0,"lh":76,"ls":0,"fc":[1,1,1]},"t":223},{"s":{"s":109,"f":"Ebrima-Bold","t":"62%","ca":0,"j":0,"tr":0,"lh":76,"ls":0,"fc":[1,1,1]},"t":224},{"s":{"s":109,"f":"Ebrima-Bold","t":"63%","ca":0,"j":0,"tr":0,"lh":76,"ls":0,"fc":[1,1,1]},"t":225},{"s":{"s":109,"f":"Ebrima-Bold","t":"63%","ca":0,"j":0,"tr":0,"lh":76,"ls":0,"fc":[1,1,1]},"t":226},{"s":{"s":109,"f":"Ebrima-Bold","t":"63%","ca":0,"j":0,"tr":0,"lh":76,"ls":0,"fc":[1,1,1]},"t":227},{"s":{"s":109,"f":"Ebrima-Bold","t":"63%","ca":0,"j":0,"tr":0,"lh":76,"ls":0,"fc":[1,1,1]},"t":228},{"s":{"s":109,"f":"Ebrima-Bold","t":"64%","ca":0,"j":0,"tr":0,"lh":76,"ls":0,"fc":[1,1,1]},"t":229},{"s":{"s":109,"f":"Ebrima-Bold","t":"64%","ca":0,"j":0,"tr":0,"lh":76,"ls":0,"fc":[1,1,1]},"t":230},{"s":{"s":109,"f":"Ebrima-Bold","t":"64%","ca":0,"j":0,"tr":0,"lh":76,"ls":0,"fc":[1,1,1]},"t":231},{"s":{"s":109,"f":"Ebrima-Bold","t":"64%","ca":0,"j":0,"tr":0,"lh":76,"ls":0,"fc":[1,1,1]},"t":232},{"s":{"s":109,"f":"Ebrima-Bold","t":"65%","ca":0,"j":0,"tr":0,"lh":76,"ls":0,"fc":[1,1,1]},"t":233},{"s":{"s":109,"f":"Ebrima-Bold","t":"65%","ca":0,"j":0,"tr":0,"lh":76,"ls":0,"fc":[1,1,1]},"t":234},{"s":{"s":109,"f":"Ebrima-Bold","t":"65%","ca":0,"j":0,"tr":0,"lh":76,"ls":0,"fc":[1,1,1]},"t":235},{"s":{"s":109,"f":"Ebrima-Bold","t":"66%","ca":0,"j":0,"tr":0,"lh":76,"ls":0,"fc":[1,1,1]},"t":236},{"s":{"s":109,"f":"Ebrima-Bold","t":"66%","ca":0,"j":0,"tr":0,"lh":76,"ls":0,"fc":[1,1,1]},"t":237},{"s":{"s":109,"f":"Ebrima-Bold","t":"66%","ca":0,"j":0,"tr":0,"lh":76,"ls":0,"fc":[1,1,1]},"t":238},{"s":{"s":109,"f":"Ebrima-Bold","t":"66%","ca":0,"j":0,"tr":0,"lh":76,"ls":0,"fc":[1,1,1]},"t":239},{"s":{"s":109,"f":"Ebrima-Bold","t":"67%","ca":0,"j":0,"tr":0,"lh":76,"ls":0,"fc":[1,1,1]},"t":240},{"s":{"s":109,"f":"Ebrima-Bold","t":"67%","ca":0,"j":0,"tr":0,"lh":76,"ls":0,"fc":[1,1,1]},"t":241},{"s":{"s":109,"f":"Ebrima-Bold","t":"67%","ca":0,"j":0,"tr":0,"lh":76,"ls":0,"fc":[1,1,1]},"t":242},{"s":{"s":109,"f":"Ebrima-Bold","t":"68%","ca":0,"j":0,"tr":0,"lh":76,"ls":0,"fc":[1,1,1]},"t":243},{"s":{"s":109,"f":"Ebrima-Bold","t":"68%","ca":0,"j":0,"tr":0,"lh":76,"ls":0,"fc":[1,1,1]},"t":244},{"s":{"s":109,"f":"Ebrima-Bold","t":"68%","ca":0,"j":0,"tr":0,"lh":76,"ls":0,"fc":[1,1,1]},"t":245},{"s":{"s":109,"f":"Ebrima-Bold","t":"68%","ca":0,"j":0,"tr":0,"lh":76,"ls":0,"fc":[1,1,1]},"t":246},{"s":{"s":109,"f":"Ebrima-Bold","t":"69%","ca":0,"j":0,"tr":0,"lh":76,"ls":0,"fc":[1,1,1]},"t":247},{"s":{"s":109,"f":"Ebrima-Bold","t":"69%","ca":0,"j":0,"tr":0,"lh":76,"ls":0,"fc":[1,1,1]},"t":248},{"s":{"s":109,"f":"Ebrima-Bold","t":"69%","ca":0,"j":0,"tr":0,"lh":76,"ls":0,"fc":[1,1,1]},"t":249},{"s":{"s":109,"f":"Ebrima-Bold","t":"69%","ca":0,"j":0,"tr":0,"lh":76,"ls":0,"fc":[1,1,1]},"t":250},{"s":{"s":109,"f":"Ebrima-Bold","t":"70%","ca":0,"j":0,"tr":0,"lh":76,"ls":0,"fc":[1,1,1]},"t":251},{"s":{"s":109,"f":"Ebrima-Bold","t":"70%","ca":0,"j":0,"tr":0,"lh":76,"ls":0,"fc":[1,1,1]},"t":252},{"s":{"s":109,"f":"Ebrima-Bold","t":"70%","ca":0,"j":0,"tr":0,"lh":76,"ls":0,"fc":[1,1,1]},"t":253},{"s":{"s":109,"f":"Ebrima-Bold","t":"71%","ca":0,"j":0,"tr":0,"lh":76,"ls":0,"fc":[1,1,1]},"t":254},{"s":{"s":109,"f":"Ebrima-Bold","t":"71%","ca":0,"j":0,"tr":0,"lh":76,"ls":0,"fc":[1,1,1]},"t":255},{"s":{"s":109,"f":"Ebrima-Bold","t":"71%","ca":0,"j":0,"tr":0,"lh":76,"ls":0,"fc":[1,1,1]},"t":256},{"s":{"s":109,"f":"Ebrima-Bold","t":"71%","ca":0,"j":0,"tr":0,"lh":76,"ls":0,"fc":[1,1,1]},"t":257},{"s":{"s":109,"f":"Ebrima-Bold","t":"72%","ca":0,"j":0,"tr":0,"lh":76,"ls":0,"fc":[1,1,1]},"t":258},{"s":{"s":109,"f":"Ebrima-Bold","t":"72%","ca":0,"j":0,"tr":0,"lh":76,"ls":0,"fc":[1,1,1]},"t":259},{"s":{"s":109,"f":"Ebrima-Bold","t":"72%","ca":0,"j":0,"tr":0,"lh":76,"ls":0,"fc":[1,1,1]},"t":260},{"s":{"s":109,"f":"Ebrima-Bold","t":"73%","ca":0,"j":0,"tr":0,"lh":76,"ls":0,"fc":[1,1,1]},"t":261},{"s":{"s":109,"f":"Ebrima-Bold","t":"73%","ca":0,"j":0,"tr":0,"lh":76,"ls":0,"fc":[1,1,1]},"t":262},{"s":{"s":109,"f":"Ebrima-Bold","t":"73%","ca":0,"j":0,"tr":0,"lh":76,"ls":0,"fc":[1,1,1]},"t":263},{"s":{"s":109,"f":"Ebrima-Bold","t":"73%","ca":0,"j":0,"tr":0,"lh":76,"ls":0,"fc":[1,1,1]},"t":264},{"s":{"s":109,"f":"Ebrima-Bold","t":"74%","ca":0,"j":0,"tr":0,"lh":76,"ls":0,"fc":[1,1,1]},"t":265},{"s":{"s":109,"f":"Ebrima-Bold","t":"74%","ca":0,"j":0,"tr":0,"lh":76,"ls":0,"fc":[1,1,1]},"t":266},{"s":{"s":109,"f":"Ebrima-Bold","t":"74%","ca":0,"j":0,"tr":0,"lh":76,"ls":0,"fc":[1,1,1]},"t":267},{"s":{"s":109,"f":"Ebrima-Bold","t":"74%","ca":0,"j":0,"tr":0,"lh":76,"ls":0,"fc":[1,1,1]},"t":268},{"s":{"s":109,"f":"Ebrima-Bold","t":"75%","ca":0,"j":0,"tr":0,"lh":76,"ls":0,"fc":[1,1,1]},"t":269},{"s":{"s":109,"f":"Ebrima-Bold","t":"75%","ca":0,"j":0,"tr":0,"lh":76,"ls":0,"fc":[1,1,1]},"t":270},{"s":{"s":109,"f":"Ebrima-Bold","t":"75%","ca":0,"j":0,"tr":0,"lh":76,"ls":0,"fc":[1,1,1]},"t":271},{"s":{"s":109,"f":"Ebrima-Bold","t":"76%","ca":0,"j":0,"tr":0,"lh":76,"ls":0,"fc":[1,1,1]},"t":272},{"s":{"s":109,"f":"Ebrima-Bold","t":"76%","ca":0,"j":0,"tr":0,"lh":76,"ls":0,"fc":[1,1,1]},"t":273},{"s":{"s":109,"f":"Ebrima-Bold","t":"76%","ca":0,"j":0,"tr":0,"lh":76,"ls":0,"fc":[1,1,1]},"t":274},{"s":{"s":109,"f":"Ebrima-Bold","t":"76%","ca":0,"j":0,"tr":0,"lh":76,"ls":0,"fc":[1,1,1]},"t":275},{"s":{"s":109,"f":"Ebrima-Bold","t":"77%","ca":0,"j":0,"tr":0,"lh":76,"ls":0,"fc":[1,1,1]},"t":276},{"s":{"s":109,"f":"Ebrima-Bold","t":"77%","ca":0,"j":0,"tr":0,"lh":76,"ls":0,"fc":[1,1,1]},"t":277},{"s":{"s":109,"f":"Ebrima-Bold","t":"77%","ca":0,"j":0,"tr":0,"lh":76,"ls":0,"fc":[1,1,1]},"t":278},{"s":{"s":109,"f":"Ebrima-Bold","t":"78%","ca":0,"j":0,"tr":0,"lh":76,"ls":0,"fc":[1,1,1]},"t":279},{"s":{"s":109,"f":"Ebrima-Bold","t":"78%","ca":0,"j":0,"tr":0,"lh":76,"ls":0,"fc":[1,1,1]},"t":280},{"s":{"s":109,"f":"Ebrima-Bold","t":"78%","ca":0,"j":0,"tr":0,"lh":76,"ls":0,"fc":[1,1,1]},"t":281},{"s":{"s":109,"f":"Ebrima-Bold","t":"78%","ca":0,"j":0,"tr":0,"lh":76,"ls":0,"fc":[1,1,1]},"t":282},{"s":{"s":109,"f":"Ebrima-Bold","t":"79%","ca":0,"j":0,"tr":0,"lh":76,"ls":0,"fc":[1,1,1]},"t":283},{"s":{"s":109,"f":"Ebrima-Bold","t":"79%","ca":0,"j":0,"tr":0,"lh":76,"ls":0,"fc":[1,1,1]},"t":284},{"s":{"s":109,"f":"Ebrima-Bold","t":"79%","ca":0,"j":0,"tr":0,"lh":76,"ls":0,"fc":[1,1,1]},"t":285},{"s":{"s":109,"f":"Ebrima-Bold","t":"79%","ca":0,"j":0,"tr":0,"lh":76,"ls":0,"fc":[1,1,1]},"t":286},{"s":{"s":109,"f":"Ebrima-Bold","t":"80%","ca":0,"j":0,"tr":0,"lh":76,"ls":0,"fc":[1,1,1]},"t":287},{"s":{"s":109,"f":"Ebrima-Bold","t":"80%","ca":0,"j":0,"tr":0,"lh":76,"ls":0,"fc":[1,1,1]},"t":288},{"s":{"s":109,"f":"Ebrima-Bold","t":"80%","ca":0,"j":0,"tr":0,"lh":76,"ls":0,"fc":[1,1,1]},"t":289},{"s":{"s":109,"f":"Ebrima-Bold","t":"81%","ca":0,"j":0,"tr":0,"lh":76,"ls":0,"fc":[1,1,1]},"t":290},{"s":{"s":109,"f":"Ebrima-Bold","t":"81%","ca":0,"j":0,"tr":0,"lh":76,"ls":0,"fc":[1,1,1]},"t":291},{"s":{"s":109,"f":"Ebrima-Bold","t":"81%","ca":0,"j":0,"tr":0,"lh":76,"ls":0,"fc":[1,1,1]},"t":292},{"s":{"s":109,"f":"Ebrima-Bold","t":"81%","ca":0,"j":0,"tr":0,"lh":76,"ls":0,"fc":[1,1,1]},"t":293},{"s":{"s":109,"f":"Ebrima-Bold","t":"82%","ca":0,"j":0,"tr":0,"lh":76,"ls":0,"fc":[1,1,1]},"t":294},{"s":{"s":109,"f":"Ebrima-Bold","t":"82%","ca":0,"j":0,"tr":0,"lh":76,"ls":0,"fc":[1,1,1]},"t":295},{"s":{"s":109,"f":"Ebrima-Bold","t":"82%","ca":0,"j":0,"tr":0,"lh":76,"ls":0,"fc":[1,1,1]},"t":296},{"s":{"s":109,"f":"Ebrima-Bold","t":"83%","ca":0,"j":0,"tr":0,"lh":76,"ls":0,"fc":[1,1,1]},"t":297},{"s":{"s":109,"f":"Ebrima-Bold","t":"83%","ca":0,"j":0,"tr":0,"lh":76,"ls":0,"fc":[1,1,1]},"t":298},{"s":{"s":109,"f":"Ebrima-Bold","t":"83%","ca":0,"j":0,"tr":0,"lh":76,"ls":0,"fc":[1,1,1]},"t":299},{"s":{"s":109,"f":"Ebrima-Bold","t":"83%","ca":0,"j":0,"tr":0,"lh":76,"ls":0,"fc":[1,1,1]},"t":300},{"s":{"s":109,"f":"Ebrima-Bold","t":"84%","ca":0,"j":0,"tr":0,"lh":76,"ls":0,"fc":[1,1,1]},"t":301},{"s":{"s":109,"f":"Ebrima-Bold","t":"84%","ca":0,"j":0,"tr":0,"lh":76,"ls":0,"fc":[1,1,1]},"t":302},{"s":{"s":109,"f":"Ebrima-Bold","t":"84%","ca":0,"j":0,"tr":0,"lh":76,"ls":0,"fc":[1,1,1]},"t":303},{"s":{"s":109,"f":"Ebrima-Bold","t":"84%","ca":0,"j":0,"tr":0,"lh":76,"ls":0,"fc":[1,1,1]},"t":304},{"s":{"s":109,"f":"Ebrima-Bold","t":"85%","ca":0,"j":0,"tr":0,"lh":76,"ls":0,"fc":[1,1,1]},"t":305},{"s":{"s":109,"f":"Ebrima-Bold","t":"85%","ca":0,"j":0,"tr":0,"lh":76,"ls":0,"fc":[1,1,1]},"t":306},{"s":{"s":109,"f":"Ebrima-Bold","t":"85%","ca":0,"j":0,"tr":0,"lh":76,"ls":0,"fc":[1,1,1]},"t":307},{"s":{"s":109,"f":"Ebrima-Bold","t":"86%","ca":0,"j":0,"tr":0,"lh":76,"ls":0,"fc":[1,1,1]},"t":308},{"s":{"s":109,"f":"Ebrima-Bold","t":"86%","ca":0,"j":0,"tr":0,"lh":76,"ls":0,"fc":[1,1,1]},"t":309},{"s":{"s":109,"f":"Ebrima-Bold","t":"86%","ca":0,"j":0,"tr":0,"lh":76,"ls":0,"fc":[1,1,1]},"t":310},{"s":{"s":109,"f":"Ebrima-Bold","t":"86%","ca":0,"j":0,"tr":0,"lh":76,"ls":0,"fc":[1,1,1]},"t":311},{"s":{"s":109,"f":"Ebrima-Bold","t":"87%","ca":0,"j":0,"tr":0,"lh":76,"ls":0,"fc":[1,1,1]},"t":312},{"s":{"s":109,"f":"Ebrima-Bold","t":"87%","ca":0,"j":0,"tr":0,"lh":76,"ls":0,"fc":[1,1,1]},"t":313},{"s":{"s":109,"f":"Ebrima-Bold","t":"87%","ca":0,"j":0,"tr":0,"lh":76,"ls":0,"fc":[1,1,1]},"t":314},{"s":{"s":109,"f":"Ebrima-Bold","t":"88%","ca":0,"j":0,"tr":0,"lh":76,"ls":0,"fc":[1,1,1]},"t":315},{"s":{"s":109,"f":"Ebrima-Bold","t":"88%","ca":0,"j":0,"tr":0,"lh":76,"ls":0,"fc":[1,1,1]},"t":316},{"s":{"s":109,"f":"Ebrima-Bold","t":"88%","ca":0,"j":0,"tr":0,"lh":76,"ls":0,"fc":[1,1,1]},"t":317},{"s":{"s":109,"f":"Ebrima-Bold","t":"88%","ca":0,"j":0,"tr":0,"lh":76,"ls":0,"fc":[1,1,1]},"t":318},{"s":{"s":109,"f":"Ebrima-Bold","t":"89%","ca":0,"j":0,"tr":0,"lh":76,"ls":0,"fc":[1,1,1]},"t":319},{"s":{"s":109,"f":"Ebrima-Bold","t":"89%","ca":0,"j":0,"tr":0,"lh":76,"ls":0,"fc":[1,1,1]},"t":320},{"s":{"s":109,"f":"Ebrima-Bold","t":"89%","ca":0,"j":0,"tr":0,"lh":76,"ls":0,"fc":[1,1,1]},"t":321},{"s":{"s":109,"f":"Ebrima-Bold","t":"89%","ca":0,"j":0,"tr":0,"lh":76,"ls":0,"fc":[1,1,1]},"t":322},{"s":{"s":109,"f":"Ebrima-Bold","t":"90%","ca":0,"j":0,"tr":0,"lh":76,"ls":0,"fc":[1,1,1]},"t":323},{"s":{"s":109,"f":"Ebrima-Bold","t":"90%","ca":0,"j":0,"tr":0,"lh":76,"ls":0,"fc":[1,1,1]},"t":324},{"s":{"s":109,"f":"Ebrima-Bold","t":"90%","ca":0,"j":0,"tr":0,"lh":76,"ls":0,"fc":[1,1,1]},"t":325},{"s":{"s":109,"f":"Ebrima-Bold","t":"91%","ca":0,"j":0,"tr":0,"lh":76,"ls":0,"fc":[1,1,1]},"t":326},{"s":{"s":109,"f":"Ebrima-Bold","t":"91%","ca":0,"j":0,"tr":0,"lh":76,"ls":0,"fc":[1,1,1]},"t":327},{"s":{"s":109,"f":"Ebrima-Bold","t":"91%","ca":0,"j":0,"tr":0,"lh":76,"ls":0,"fc":[1,1,1]},"t":328},{"s":{"s":109,"f":"Ebrima-Bold","t":"91%","ca":0,"j":0,"tr":0,"lh":76,"ls":0,"fc":[1,1,1]},"t":329},{"s":{"s":109,"f":"Ebrima-Bold","t":"92%","ca":0,"j":0,"tr":0,"lh":76,"ls":0,"fc":[1,1,1]},"t":330},{"s":{"s":109,"f":"Ebrima-Bold","t":"92%","ca":0,"j":0,"tr":0,"lh":76,"ls":0,"fc":[1,1,1]},"t":331},{"s":{"s":109,"f":"Ebrima-Bold","t":"92%","ca":0,"j":0,"tr":0,"lh":76,"ls":0,"fc":[1,1,1]},"t":332},{"s":{"s":109,"f":"Ebrima-Bold","t":"93%","ca":0,"j":0,"tr":0,"lh":76,"ls":0,"fc":[1,1,1]},"t":333},{"s":{"s":109,"f":"Ebrima-Bold","t":"93%","ca":0,"j":0,"tr":0,"lh":76,"ls":0,"fc":[1,1,1]},"t":334},{"s":{"s":109,"f":"Ebrima-Bold","t":"93%","ca":0,"j":0,"tr":0,"lh":76,"ls":0,"fc":[1,1,1]},"t":335},{"s":{"s":109,"f":"Ebrima-Bold","t":"93%","ca":0,"j":0,"tr":0,"lh":76,"ls":0,"fc":[1,1,1]},"t":336},{"s":{"s":109,"f":"Ebrima-Bold","t":"94%","ca":0,"j":0,"tr":0,"lh":76,"ls":0,"fc":[1,1,1]},"t":337},{"s":{"s":109,"f":"Ebrima-Bold","t":"94%","ca":0,"j":0,"tr":0,"lh":76,"ls":0,"fc":[1,1,1]},"t":338},{"s":{"s":109,"f":"Ebrima-Bold","t":"94%","ca":0,"j":0,"tr":0,"lh":76,"ls":0,"fc":[1,1,1]},"t":339},{"s":{"s":109,"f":"Ebrima-Bold","t":"94%","ca":0,"j":0,"tr":0,"lh":76,"ls":0,"fc":[1,1,1]},"t":340},{"s":{"s":109,"f":"Ebrima-Bold","t":"95%","ca":0,"j":0,"tr":0,"lh":76,"ls":0,"fc":[1,1,1]},"t":341},{"s":{"s":109,"f":"Ebrima-Bold","t":"95%","ca":0,"j":0,"tr":0,"lh":76,"ls":0,"fc":[1,1,1]},"t":342},{"s":{"s":109,"f":"Ebrima-Bold","t":"95%","ca":0,"j":0,"tr":0,"lh":76,"ls":0,"fc":[1,1,1]},"t":343},{"s":{"s":109,"f":"Ebrima-Bold","t":"96%","ca":0,"j":0,"tr":0,"lh":76,"ls":0,"fc":[1,1,1]},"t":344},{"s":{"s":109,"f":"Ebrima-Bold","t":"96%","ca":0,"j":0,"tr":0,"lh":76,"ls":0,"fc":[1,1,1]},"t":345},{"s":{"s":109,"f":"Ebrima-Bold","t":"96%","ca":0,"j":0,"tr":0,"lh":76,"ls":0,"fc":[1,1,1]},"t":346},{"s":{"s":109,"f":"Ebrima-Bold","t":"96%","ca":0,"j":0,"tr":0,"lh":76,"ls":0,"fc":[1,1,1]},"t":347},{"s":{"s":109,"f":"Ebrima-Bold","t":"97%","ca":0,"j":0,"tr":0,"lh":76,"ls":0,"fc":[1,1,1]},"t":348},{"s":{"s":109,"f":"Ebrima-Bold","t":"97%","ca":0,"j":0,"tr":0,"lh":76,"ls":0,"fc":[1,1,1]},"t":349},{"s":{"s":109,"f":"Ebrima-Bold","t":"97%","ca":0,"j":0,"tr":0,"lh":76,"ls":0,"fc":[1,1,1]},"t":350},{"s":{"s":109,"f":"Ebrima-Bold","t":"98%","ca":0,"j":0,"tr":0,"lh":76,"ls":0,"fc":[1,1,1]},"t":351},{"s":{"s":109,"f":"Ebrima-Bold","t":"98%","ca":0,"j":0,"tr":0,"lh":76,"ls":0,"fc":[1,1,1]},"t":352},{"s":{"s":109,"f":"Ebrima-Bold","t":"98%","ca":0,"j":0,"tr":0,"lh":76,"ls":0,"fc":[1,1,1]},"t":353},{"s":{"s":109,"f":"Ebrima-Bold","t":"98%","ca":0,"j":0,"tr":0,"lh":76,"ls":0,"fc":[1,1,1]},"t":354},{"s":{"s":109,"f":"Ebrima-Bold","t":"99%","ca":0,"j":0,"tr":0,"lh":76,"ls":0,"fc":[1,1,1]},"t":355},{"s":{"s":109,"f":"Ebrima-Bold","t":"99%","ca":0,"j":0,"tr":0,"lh":76,"ls":0,"fc":[1,1,1]},"t":356},{"s":{"s":109,"f":"Ebrima-Bold","t":"99%","ca":0,"j":0,"tr":0,"lh":76,"ls":0,"fc":[1,1,1]},"t":357},{"s":{"s":109,"f":"Ebrima-Bold","t":"99%","ca":0,"j":0,"tr":0,"lh":76,"ls":0,"fc":[1,1,1]},"t":358},{"s":{"s":109,"f":"Ebrima-Bold","t":"100%","ca":0,"j":0,"tr":0,"lh":76,"ls":0,"fc":[1,1,1]},"t":359}]},"p":{},"m":{"g":1,"a":{"a":0,"k":[0,0],"ix":2}},"a":[]},"ip":0,"op":360,"st":0,"bm":0},{"ddd":0,"ind":3,"ty":4,"nm":"Group 2","parent":4,"sr":1,"ks":{"o":{"a":0,"k":100,"ix":11},"r":{"a":0,"k":0,"ix":10},"p":{"a":0,"k":[120.863,1720.485,0],"ix":2,"l":2},"a":{"a":0,"k":[120.863,1720.485,0],"ix":1,"l":2},"s":{"a":0,"k":[100,100,100],"ix":6,"l":2}},"ao":0,"shapes":[{"ty":"gr","it":[{"ind":0,"ty":"sh","ix":1,"ks":{"a":0,"k":{"i":[[-1.53,-1.53],[0,0],[1.53,-1.53],[0,0],[1.53,1.53],[0,0],[-1.53,1.53],[0,0]],"o":[[0,0],[1.53,1.53],[0,0],[-1.53,1.53],[0,0],[-1.53,-1.53],[0,0],[1.53,-1.53]],"v":[[2.77,-10.404],[10.404,-2.77],[10.404,2.77],[2.77,10.404],[-2.77,10.404],[-10.404,2.77],[-10.404,-2.77],[-2.77,-10.404]],"c":true},"ix":2},"nm":"Path 1","mn":"ADBE Vector Shape - Group","hd":false},{"ty":"fl","c":{"a":0,"k":[0,0.447,0.871],"ix":4},"o":{"a":0,"k":100,"ix":5},"r":1,"bm":0,"nm":"Fill 1","mn":"ADBE Vector Graphic - Fill","hd":false},{"ty":"tr","p":{"a":0,"k":[120.863,1720.485],"ix":2},"a":{"a":0,"k":[0,0],"ix":1},"s":{"a":0,"k":[100,100],"ix":3},"r":{"a":0,"k":0,"ix":6},"o":{"a":0,"k":100,"ix":7},"sk":{"a":0,"k":0,"ix":4},"sa":{"a":0,"k":0,"ix":5},"nm":"Transform"}],"nm":"Group 2","np":2,"cix":2,"bm":0,"ix":1,"mn":"ADBE Vector Group","hd":false}],"ip":0,"op":360,"st":0,"bm":0},{"ddd":0,"ind":4,"ty":4,"nm":"Group 3","sr":1,"ks":{"o":{"a":0,"k":100,"ix":11},"r":{"a":0,"k":0,"ix":10},"p":{"a":1,"k":[{"i":{"x":0.833,"y":0.833},"o":{"x":0.167,"y":0.167},"t":0,"s":[48.394,80.723,0],"to":[0,0,0],"ti":[0,0,0]},{"t":359,"s":[734.144,81.723,0]}],"ix":2,"l":2},"a":{"a":0,"k":[120.894,1732.723,0],"ix":1,"l":2},"s":{"a":0,"k":[100,100,100],"ix":6,"l":2}},"ao":0,"shapes":[{"ty":"gr","it":[{"ind":0,"ty":"sh","ix":1,"ks":{"a":0,"k":{"i":[[-7.212,0],[0,0],[0,-7.212],[0,0],[7.212,0],[0,0],[0,7.212],[0,0]],"o":[[0,0],[7.212,0],[0,0],[0,7.212],[0,0],[-7.212,0],[0,0],[0,-7.212]],"v":[[-29.38,-29.38],[29.38,-29.38],[42.437,-16.322],[42.437,16.322],[29.38,29.38],[-29.38,29.38],[-42.437,16.322],[-42.437,-16.322]],"c":true},"ix":2},"nm":"Path 1","mn":"ADBE Vector Shape - Group","hd":false},{"ty":"fl","c":{"a":0,"k":[0,0.447,0.871],"ix":4},"o":{"a":0,"k":100,"ix":5},"r":1,"bm":0,"nm":"Fill 1","mn":"ADBE Vector Graphic - Fill","hd":false},{"ty":"tr","p":{"a":0,"k":[120.863,1694.254],"ix":2},"a":{"a":0,"k":[0,0],"ix":1},"s":{"a":0,"k":[100,100],"ix":3},"r":{"a":0,"k":0,"ix":6},"o":{"a":0,"k":100,"ix":7},"sk":{"a":0,"k":0,"ix":4},"sa":{"a":0,"k":0,"ix":5},"nm":"Transform"}],"nm":"Group 3","np":2,"cix":2,"bm":0,"ix":1,"mn":"ADBE Vector Group","hd":false}],"ip":0,"op":360,"st":0,"bm":0},{"ddd":0,"ind":5,"ty":4,"nm":"Layer 2","sr":1,"ks":{"o":{"a":0,"k":100,"ix":11},"r":{"a":0,"k":0,"ix":10},"p":{"a":0,"k":[392.942,108.674,0],"ix":2,"l":2},"a":{"a":0,"k":[0,0,0],"ix":1,"l":2},"s":{"a":0,"k":[100,100,100],"ix":6,"l":2}},"ao":0,"shapes":[{"ty":"gr","it":[{"ind":0,"ty":"sh","ix":1,"ks":{"a":0,"k":{"i":[[0,0],[0,0]],"o":[[0,0],[0,0]],"v":[[-363.884,0],[363.884,0]],"c":false},"ix":2},"nm":"Path 1","mn":"ADBE Vector Shape - Group","hd":false},{"ty":"st","c":{"a":0,"k":[0,0.447,0.871],"ix":3},"o":{"a":0,"k":100,"ix":4},"w":{"a":0,"k":23,"ix":5},"lc":2,"lj":1,"ml":10,"bm":0,"nm":"Stroke 1","mn":"ADBE Vector Graphic - Stroke","hd":false},{"ty":"fl","c":{"a":0,"k":[0,0.447,0.871],"ix":4},"o":{"a":0,"k":100,"ix":5},"r":1,"bm":0,"nm":"Fill 1","mn":"ADBE Vector Graphic - Fill","hd":false},{"ty":"tr","p":{"a":0,"k":[0,0],"ix":2},"a":{"a":0,"k":[0,0],"ix":1},"s":{"a":0,"k":[100,100],"ix":3},"r":{"a":0,"k":0,"ix":6},"o":{"a":0,"k":100,"ix":7},"sk":{"a":0,"k":0,"ix":4},"sa":{"a":0,"k":0,"ix":5},"nm":"Transform"}],"nm":"Group 1","np":3,"cix":2,"bm":0,"ix":1,"mn":"ADBE Vector Group","hd":false},{"ty":"tm","s":{"a":0,"k":0,"ix":1},"e":{"a":1,"k":[{"i":{"x":[0.833],"y":[0.833]},"o":{"x":[0.167],"y":[0.167]},"t":0,"s":[2]},{"t":359,"s":[97]}],"ix":2},"o":{"a":0,"k":0,"ix":3},"m":1,"ix":2,"nm":"Trim Paths 1","mn":"ADBE Vector Filter - Trim","hd":false}],"ip":0,"op":360,"st":0,"bm":0},{"ddd":0,"ind":6,"ty":4,"nm":"Layer 1","sr":1,"ks":{"o":{"a":0,"k":10,"ix":11},"r":{"a":0,"k":0,"ix":10},"p":{"a":0,"k":[392.942,108.674,0],"ix":2,"l":2},"a":{"a":0,"k":[0,0,0],"ix":1,"l":2},"s":{"a":0,"k":[100,100,100],"ix":6,"l":2}},"ao":0,"shapes":[{"ty":"gr","it":[{"ind":0,"ty":"sh","ix":1,"ks":{"a":0,"k":{"i":[[0,0],[0,0]],"o":[[0,0],[0,0]],"v":[[-363.884,0],[363.884,0]],"c":false},"ix":2},"nm":"Path 1","mn":"ADBE Vector Shape - Group","hd":false},{"ty":"st","c":{"a":0,"k":[0,0.447,0.871],"ix":3},"o":{"a":0,"k":100,"ix":4},"w":{"a":0,"k":23,"ix":5},"lc":2,"lj":1,"ml":10,"bm":0,"nm":"Stroke 1","mn":"ADBE Vector Graphic - Stroke","hd":false},{"ty":"fl","c":{"a":0,"k":[0,0.447,0.871],"ix":4},"o":{"a":0,"k":100,"ix":5},"r":1,"bm":0,"nm":"Fill 1","mn":"ADBE Vector Graphic - Fill","hd":false},{"ty":"tr","p":{"a":0,"k":[0,0],"ix":2},"a":{"a":0,"k":[0,0],"ix":1},"s":{"a":0,"k":[100,100],"ix":3},"r":{"a":0,"k":0,"ix":6},"o":{"a":0,"k":100,"ix":7},"sk":{"a":0,"k":0,"ix":4},"sa":{"a":0,"k":0,"ix":5},"nm":"Transform"}],"nm":"Group 1","np":3,"cix":2,"bm":0,"ix":1,"mn":"ADBE Vector Group","hd":false}],"ip":0,"op":360,"st":0,"bm":0},{"ddd":0,"ind":7,"ty":4,"nm":"Group 6","sr":1,"ks":{"o":{"a":0,"k":10,"ix":11},"r":{"a":0,"k":0,"ix":10},"p":{"a":0,"k":[392.882,109.174,0],"ix":2,"l":2},"a":{"a":0,"k":[238.382,1761.174,0],"ix":1,"l":2},"s":{"a":0,"k":[100,100,100],"ix":6,"l":2}},"ao":0,"shapes":[{"ty":"gr","it":[{"ind":0,"ty":"sh","ix":1,"ks":{"a":0,"k":{"i":[[-6.31,0],[0,0],[0,-6.31],[0,0],[6.31,0],[0,0],[0,6.31],[0,0]],"o":[[0,0],[6.31,0],[0,0],[0,6.31],[0,0],[-6.31,0],[0,0],[0,-6.31]],"v":[[-363.982,-11.425],[363.982,-11.425],[375.408,0],[375.408,0],[363.982,11.425],[-363.982,11.425],[-375.408,0],[-375.408,0]],"c":true},"ix":2},"nm":"Path 1","mn":"ADBE Vector Shape - Group","hd":false},{"ty":"fl","c":{"a":0,"k":[0,0.447,0.871],"ix":4},"o":{"a":0,"k":100,"ix":5},"r":1,"bm":0,"nm":"Fill 1","mn":"ADBE Vector Graphic - Fill","hd":false},{"ty":"tr","p":{"a":0,"k":[238.382,1761.174],"ix":2},"a":{"a":0,"k":[0,0],"ix":1},"s":{"a":0,"k":[100,100],"ix":3},"r":{"a":0,"k":0,"ix":6},"o":{"a":0,"k":100,"ix":7},"sk":{"a":0,"k":0,"ix":4},"sa":{"a":0,"k":0,"ix":5},"nm":"Transform"}],"nm":"Group 5","np":2,"cix":2,"bm":0,"ix":1,"mn":"ADBE Vector Group","hd":false}],"ip":0,"op":360,"st":0,"bm":0}]}],"fonts":{"list":[{"fName":"Ebrima-Bold","fFamily":"Ebrima","fStyle":"Bold","ascent":73.9990234375}]},"layers":[{"ddd":0,"ind":1,"ty":0,"nm":"loaing ","refId":"comp_0","sr":1,"ks":{"o":{"a":0,"k":100,"ix":11},"r":{"a":0,"k":0,"ix":10},"p":{"a":0,"k":[391.5,72,0],"ix":2,"l":2},"a":{"a":0,"k":[391.5,72,0],"ix":1,"l":2},"s":{"a":0,"k":[100,100,100],"ix":6,"l":2}},"ao":0,"w":783,"h":144,"ip":0,"op":360,"st":0,"bm":0}],"markers":[],"chars":[{"ch":"0","size":109,"style":"Bold","w":57.52,"data":{"shapes":[{"ty":"gr","it":[{"ind":0,"ty":"sh","ix":1,"ks":{"a":0,"k":{"i":[[-4.443,6.316],[0,11.849],[16.276,0],[4.508,-6.364],[0,-12.141],[-16.667,0]],"o":[[4.443,-6.315],[0,-23.795],[-8.562,0],[-4.509,6.364],[0,23.405],[8.301,0]],"v":[[47.534,-8.252],[54.199,-35.498],[29.785,-71.191],[10.181,-61.646],[3.418,-33.887],[28.418,1.221]],"c":true},"ix":2},"nm":"0","mn":"ADBE Vector Shape - Group","hd":false},{"ind":1,"ty":"sh","ix":2,"ks":{"a":0,"k":{"i":[[0,-16.276],[6.38,0],[0,15.788],[-6.673,0]],"o":[[0,16.277],[-6.543,0],[0,-16.764],[6.25,0]],"v":[[38.477,-35.01],[28.906,-10.596],[19.092,-34.277],[29.102,-59.424]],"c":true},"ix":2},"nm":"0","mn":"ADBE Vector Shape - Group","hd":false}],"nm":"0","np":5,"cix":2,"bm":0,"ix":1,"mn":"ADBE Vector Group","hd":false}]},"fFamily":"Ebrima"},{"ch":"%","size":109,"style":"Bold","w":86.72,"data":{"shapes":[{"ty":"gr","it":[{"ind":0,"ty":"sh","ix":1,"ks":{"a":0,"k":{"i":[[-3.223,3.386],[0,5.762],[2.913,3.093],[5.176,0],[3.239,-3.418],[0,-5.827],[-3.044,-3.157],[-4.98,0]],"o":[[3.223,-3.385],[0,-5.598],[-2.914,-3.092],[-5.404,0],[-3.239,3.418],[0,5.339],[3.043,3.158],[5.371,0]],"v":[[33.887,-39.6],[38.721,-53.32],[34.351,-66.357],[22.217,-70.996],[9.253,-65.869],[4.395,-52.002],[8.96,-39.258],[20.996,-34.521]],"c":true},"ix":2},"nm":"%","mn":"ADBE Vector Shape - Group","hd":false},{"ind":1,"ty":"sh","ix":2,"ks":{"a":0,"k":{"i":[[0,-6.348],[4.622,0],[0,6.25],[-4.753,0]],"o":[[0,6.511],[-4.525,0],[0,-6.608],[4.395,0]],"v":[[28.516,-52.881],[21.582,-43.115],[14.795,-52.49],[21.924,-62.402]],"c":true},"ix":2},"nm":"%","mn":"ADBE Vector Shape - Group","hd":false},{"ind":2,"ty":"sh","ix":3,"ks":{"a":0,"k":{"i":[[0,0],[0,0],[0,0],[0,0]],"o":[[0,0],[0,0],[0,0],[0,0]],"v":[[60.107,-70.02],[14.6,0],[26.514,0],[72.119,-70.02]],"c":true},"ix":2},"nm":"%","mn":"ADBE Vector Shape - Group","hd":false},{"ind":3,"ty":"sh","ix":4,"ks":{"a":0,"k":{"i":[[-3.223,3.418],[0,5.762],[2.897,3.06],[5.208,0],[3.239,-3.418],[0,-5.827],[-3.044,-3.157],[-4.98,0]],"o":[[3.223,-3.418],[0,-5.598],[-2.898,-3.059],[-5.404,0],[-3.239,3.418],[0,5.339],[3.043,3.158],[5.371,0]],"v":[[77.49,-4.15],[82.324,-17.92],[77.979,-30.908],[65.82,-35.498],[52.856,-30.371],[47.998,-16.504],[52.563,-3.76],[64.6,0.977]],"c":true},"ix":2},"nm":"%","mn":"ADBE Vector Shape - Group","hd":false},{"ind":4,"ty":"sh","ix":5,"ks":{"a":0,"k":{"i":[[-1.237,-1.66],[0,-3.027],[4.622,0],[0,6.25],[-4.72,0]],"o":[[1.237,1.66],[0,6.511],[-4.59,0],[0,-6.608],[2.018,0]],"v":[[70.264,-24.414],[72.119,-17.383],[65.186,-7.617],[58.301,-16.992],[65.381,-26.904]],"c":true},"ix":2},"nm":"%","mn":"ADBE Vector Shape - Group","hd":false}],"nm":"%","np":8,"cix":2,"bm":0,"ix":1,"mn":"ADBE Vector Group","hd":false}]},"fFamily":"Ebrima"},{"ch":"1","size":109,"style":"Bold","w":57.52,"data":{"shapes":[{"ty":"gr","it":[{"ind":0,"ty":"sh","ix":1,"ks":{"a":0,"k":{"i":[[0,0],[3.548,-1.823],[4.004,-1.172],[0,0],[-1.4,0.375],[-1.302,0.537],[-1.156,0.668],[-0.847,0.749],[0,0],[0,0],[0,0]],"o":[[-2.865,2.181],[-3.548,1.823],[0,0],[1.367,-0.163],[1.399,-0.374],[1.302,-0.537],[1.155,-0.667],[0,0],[0,0],[0,0],[0,0]],"v":[[31.299,-71.582],[21.68,-65.576],[10.352,-61.084],[10.352,-48.096],[14.502,-48.901],[18.555,-50.269],[22.241,-52.075],[25.244,-54.199],[25.244,0],[40.625,0],[40.625,-71.582]],"c":true},"ix":2},"nm":"1","mn":"ADBE Vector Shape - Group","hd":false}],"nm":"1","np":3,"cix":2,"bm":0,"ix":1,"mn":"ADBE Vector Group","hd":false}]},"fFamily":"Ebrima"},{"ch":"2","size":109,"style":"Bold","w":57.52,"data":{"shapes":[{"ty":"gr","it":[{"ind":0,"ty":"sh","ix":1,"ks":{"a":0,"k":{"i":[[-0.652,1.009],[-1.107,1.058],[-1.449,1.091],[-1.562,1.107],[-2.148,1.709],[-1.644,2.051],[-0.993,2.507],[0,3.223],[1.025,2.458],[1.953,1.726],[2.815,0.928],[3.548,0],[6.087,-3.938],[0,0],[-6.023,0],[-1.693,-1.53],[0,-2.995],[0.52,-1.35],[1.057,-1.318],[1.546,-1.334],[2.051,-1.465],[2.164,-1.741],[1.823,-2.262],[1.204,-2.848],[0,-3.58],[0,0],[0,0],[0,0],[0,0]],"o":[[0.651,-1.009],[1.106,-1.057],[1.448,-1.09],[2.311,-1.595],[2.148,-1.709],[1.643,-2.051],[0.993,-2.506],[0,-3.027],[-1.025,-2.457],[-1.953,-1.725],[-2.816,-0.928],[-7.65,0],[0,0],[5.501,-4.785],[3.483,0],[1.692,1.53],[0,1.53],[-0.521,1.351],[-1.058,1.318],[-1.546,1.335],[-1.953,1.4],[-2.165,1.742],[-1.823,2.263],[-1.205,2.849],[0,0],[0,0],[0,0],[0,0],[0,-0.911]],"v":[[21.924,-15.674],[24.561,-18.774],[28.394,-21.997],[32.91,-25.293],[39.6,-30.249],[45.288,-35.889],[49.243,-42.725],[50.732,-51.318],[49.194,-59.546],[44.727,-65.82],[37.573,-69.8],[28.027,-71.191],[7.422,-65.283],[7.422,-51.709],[24.707,-58.887],[32.471,-56.592],[35.01,-49.805],[34.229,-45.483],[31.86,-41.479],[27.954,-37.5],[22.559,-33.301],[16.382,-28.589],[10.4,-22.583],[5.859,-14.917],[4.053,-5.273],[4.053,0],[50.635,0],[50.635,-12.793],[20.947,-12.793]],"c":true},"ix":2},"nm":"2","mn":"ADBE Vector Shape - Group","hd":false}],"nm":"2","np":3,"cix":2,"bm":0,"ix":1,"mn":"ADBE Vector Group","hd":false}]},"fFamily":"Ebrima"},{"ch":"3","size":109,"style":"Bold","w":57.52,"data":{"shapes":[{"ty":"gr","it":[{"ind":0,"ty":"sh","ix":1,"ks":{"a":0,"k":{"i":[[-7.227,0],[-4.785,3.809],[0,6.543],[2.864,2.979],[4.948,0.619],[0,0],[0,9.148],[3.987,3.223],[7.161,0],[4.915,-2.473],[0,0],[-4.688,0],[0,-5.696],[9.114,0],[0,0],[0,0],[0,0],[-2.718,-1.692],[0,-3.125],[2.197,-1.692],[3.938,0],[4.688,3.418],[0,0]],"o":[[8.43,0],[4.785,-3.809],[0,-4.329],[-2.865,-2.979],[0,0],[9.277,-2.311],[0,-5.143],[-3.988,-3.223],[-6.543,0],[0,0],[4.427,-3.027],[6.998,0],[0,6.055],[0,0],[0,0],[0,0],[4.752,0],[2.718,1.693],[0,3.027],[-2.197,1.693],[-6.25,0],[0,0],[4.524,2.344]],"v":[[23.34,1.221],[43.164,-4.492],[50.342,-20.02],[46.045,-30.981],[34.326,-36.377],[34.326,-36.621],[48.242,-53.809],[42.261,-66.357],[25.537,-71.191],[8.35,-67.48],[8.35,-54.883],[22.021,-59.424],[32.52,-50.879],[18.848,-41.797],[12.842,-41.797],[12.842,-29.98],[19.336,-29.98],[30.542,-27.441],[34.619,-20.215],[31.323,-13.135],[22.119,-10.596],[5.713,-15.723],[5.713,-2.295]],"c":true},"ix":2},"nm":"3","mn":"ADBE Vector Shape - Group","hd":false}],"nm":"3","np":3,"cix":2,"bm":0,"ix":1,"mn":"ADBE Vector Group","hd":false}]},"fFamily":"Ebrima"},{"ch":"4","size":109,"style":"Bold","w":57.52,"data":{"shapes":[{"ty":"gr","it":[{"ind":0,"ty":"sh","ix":1,"ks":{"a":0,"k":{"i":[[0,0],[2.327,-3.857],[2.702,-3.809],[2.897,-3.596],[2.702,-3.027],[0,0],[0,0],[0,0],[0,0],[0,0],[0,0],[0,0],[0,0],[0,0]],"o":[[-1.628,3.516],[-2.328,3.857],[-2.702,3.809],[-2.898,3.597],[0,0],[0,0],[0,0],[0,0],[0,0],[0,0],[0,0],[0,0],[0,0],[0,0]],"v":[[32.178,-70.02],[26.245,-58.96],[18.701,-47.461],[10.303,-36.353],[1.904,-26.416],[1.904,-14.355],[32.422,-14.355],[32.422,0],[46.484,0],[46.484,-14.355],[54.883,-14.355],[54.883,-25.879],[46.484,-25.879],[46.484,-70.02]],"c":true},"ix":2},"nm":"4","mn":"ADBE Vector Shape - Group","hd":false},{"ind":1,"ty":"sh","ix":2,"ks":{"a":0,"k":{"i":[[-1.498,1.97],[-1.465,2.1],[-1.335,2.165],[-1.14,2.116],[0,0],[0,0]],"o":[[1.497,-1.969],[1.465,-2.1],[1.334,-2.164],[0,0],[0,0],[1.399,-1.725]],"v":[[20.068,-31.421],[24.512,-37.524],[28.711,-43.921],[32.422,-50.342],[32.422,-25.879],[15.723,-25.879]],"c":true},"ix":2},"nm":"4","mn":"ADBE Vector Shape - Group","hd":false}],"nm":"4","np":5,"cix":2,"bm":0,"ix":1,"mn":"ADBE Vector Group","hd":false}]},"fFamily":"Ebrima"},{"ch":"5","size":109,"style":"Bold","w":57.52,"data":{"shapes":[{"ty":"gr","it":[{"ind":0,"ty":"sh","ix":1,"ks":{"a":0,"k":{"i":[[-6.738,0],[-4.851,4.476],[0,7.064],[4.069,3.777],[7.194,0],[2.506,-0.195],[0,0],[0,0],[0,0],[0,0],[0,0],[-3.613,0],[0,-6.934],[2.295,-1.936],[4.069,0],[4.785,2.93],[0,0]],"o":[[8.301,0],[4.85,-4.475],[0,-6.38],[-4.07,-3.776],[-1.823,0],[0,0],[0,0],[0,0],[0,0],[0,0],[4.72,-0.553],[9.798,0],[0,3.32],[-2.295,1.937],[-5.404,0],[0,0],[4.59,2.018]],"v":[[23.926,1.221],[43.652,-5.493],[50.928,-22.803],[44.824,-38.037],[27.93,-43.701],[21.436,-43.408],[22.412,-57.422],[47.705,-57.422],[47.705,-70.02],[10.645,-70.02],[8.008,-30.957],[20.508,-31.787],[35.205,-21.387],[31.763,-13.501],[22.217,-10.596],[6.934,-14.99],[6.934,-1.807]],"c":true},"ix":2},"nm":"5","mn":"ADBE Vector Shape - Group","hd":false}],"nm":"5","np":3,"cix":2,"bm":0,"ix":1,"mn":"ADBE Vector Group","hd":false}]},"fFamily":"Ebrima"},{"ch":"6","size":109,"style":"Bold","w":57.52,"data":{"shapes":[{"ty":"gr","it":[{"ind":0,"ty":"sh","ix":1,"ks":{"a":0,"k":{"i":[[0.911,2.67],[1.66,1.904],[2.344,1.042],[2.897,0],[3.32,-4.59],[0,0],[-0.863,2.621],[-1.514,1.855],[-2.116,1.009],[-2.605,0],[-3.548,-2.018],[0,0],[5.403,0],[3.906,-1.904],[2.75,-3.483],[1.481,-4.899],[0,-6.022],[-1.14,-4.036],[-2.148,-2.783],[-3.109,-1.465],[-3.939,0],[-2.962,1.253],[-2.148,2.197],[-1.205,2.995],[0,3.451]],"o":[[-0.912,-2.669],[-1.66,-1.904],[-2.344,-1.041],[-6.478,0],[0,0],[0.065,-3.223],[0.862,-2.62],[1.514,-1.855],[2.116,-1.009],[4.199,0],[0,0],[-2.995,-1.27],[-4.883,0],[-3.906,1.904],[-2.751,3.484],[-1.482,4.9],[0,5.111],[1.139,4.037],[2.148,2.783],[3.108,1.465],[3.516,0],[2.962,-1.253],[2.148,-2.197],[1.204,-2.995],[0,-3.255]],"v":[[52.832,-32.178],[48.975,-39.038],[42.969,-43.457],[35.107,-45.02],[20.41,-38.135],[20.117,-38.135],[21.509,-46.899],[25.073,-53.613],[30.518,-57.91],[37.598,-59.424],[49.219,-56.396],[49.219,-69.287],[36.621,-71.191],[23.438,-68.335],[13.452,-60.254],[7.104,-47.681],[4.883,-31.299],[6.592,-17.578],[11.523,-7.349],[19.409,-0.977],[29.98,1.221],[39.697,-0.659],[47.363,-5.835],[52.393,-13.623],[54.199,-23.291]],"c":true},"ix":2},"nm":"6","mn":"ADBE Vector Shape - Group","hd":false},{"ind":1,"ty":"sh","ix":2,"ks":{"a":0,"k":{"i":[[0.423,-1.448],[0.797,-1.025],[1.123,-0.569],[1.399,0],[1.139,0.652],[0.83,1.123],[0.455,1.498],[0,1.726],[-0.439,1.286],[-0.814,0.945],[-1.14,0.521],[-1.4,0],[0,-7.52]],"o":[[-0.423,1.449],[-0.798,1.025],[-1.123,0.57],[-1.4,0],[-1.14,-0.651],[-0.83,-1.123],[-0.456,-1.497],[0,-1.562],[0.439,-1.286],[0.813,-0.944],[1.139,-0.52],[6.152,0],[0,1.726]],"v":[[38.477,-17.554],[36.646,-13.843],[33.765,-11.45],[29.98,-10.596],[26.172,-11.572],[23.218,-14.233],[21.289,-18.164],[20.605,-22.998],[21.265,-27.271],[23.145,-30.615],[26.074,-32.812],[29.883,-33.594],[39.111,-22.314]],"c":true},"ix":2},"nm":"6","mn":"ADBE Vector Shape - Group","hd":false}],"nm":"6","np":5,"cix":2,"bm":0,"ix":1,"mn":"ADBE Vector Group","hd":false}]},"fFamily":"Ebrima"},{"ch":"7","size":109,"style":"Bold","w":57.52,"data":{"shapes":[{"ty":"gr","it":[{"ind":0,"ty":"sh","ix":1,"ks":{"a":0,"k":{"i":[[0,0],[0,0],[0,0],[0,0],[2.393,-4.492],[1.969,-4.736],[1.497,-5.045],[0.911,-5.436],[0,0],[-1.335,4.964],[-1.888,4.802],[-2.474,4.932],[-3.125,5.632]],"o":[[0,0],[0,0],[0,0],[-2.67,4.297],[-2.393,4.492],[-1.97,4.736],[-1.498,5.046],[0,0],[0.846,-5.729],[1.334,-4.964],[1.888,-4.801],[2.473,-4.932],[0,0]],"v":[[53.418,-70.02],[4.688,-70.02],[4.688,-57.422],[37.207,-57.422],[29.614,-44.238],[23.071,-30.396],[17.871,-15.723],[14.258,0],[30.371,0],[33.643,-16.04],[38.477,-30.688],[45.02,-45.288],[53.418,-61.133]],"c":true},"ix":2},"nm":"7","mn":"ADBE Vector Shape - Group","hd":false}],"nm":"7","np":3,"cix":2,"bm":0,"ix":1,"mn":"ADBE Vector Group","hd":false}]},"fFamily":"Ebrima"},{"ch":"8","size":109,"style":"Bold","w":57.52,"data":{"shapes":[{"ty":"gr","it":[{"ind":0,"ty":"sh","ix":1,"ks":{"a":0,"k":{"i":[[-1.237,-2.457],[-2.197,-1.758],[-3.044,-0.96],[-3.613,0],[-3.044,0.977],[-2.197,1.775],[-1.205,2.458],[0,2.995],[0.586,1.839],[1.172,1.562],[1.725,1.221],[2.278,0.781],[-2.084,2.718],[0,3.32],[1.106,2.246],[2.002,1.644],[2.766,0.928],[3.32,0],[2.75,-0.928],[1.985,-1.66],[1.123,-2.278],[0,-2.669],[-1.953,-2.75],[-3.548,-1.758],[1.709,-1.221],[1.139,-1.546],[0.569,-1.807],[0,-1.953]],"o":[[1.237,2.458],[2.197,1.758],[3.043,0.96],[3.678,0],[3.043,-0.977],[2.197,-1.774],[1.204,-2.457],[0,-1.985],[-0.586,-1.839],[-1.172,-1.562],[-1.726,-1.221],[3.678,-1.758],[2.083,-2.718],[0,-2.637],[-1.107,-2.246],[-2.002,-1.643],[-2.767,-0.928],[-3.255,0],[-2.751,0.928],[-1.986,1.66],[-1.123,2.279],[0,3.353],[1.953,2.751],[-2.312,0.781],[-1.709,1.221],[-1.14,1.546],[-0.57,1.807],[0,2.962]],"v":[[5.762,-10.718],[10.913,-4.395],[18.774,-0.317],[28.76,1.123],[38.843,-0.342],[46.704,-4.468],[51.807,-10.815],[53.613,-18.994],[52.734,-24.731],[50.098,-29.834],[45.752,-34.009],[39.746,-37.012],[48.389,-43.726],[51.514,-52.783],[49.854,-60.107],[45.19,-65.942],[38.037,-69.8],[28.906,-71.191],[19.897,-69.8],[12.793,-65.918],[8.13,-60.01],[6.445,-52.588],[9.375,-43.433],[17.627,-36.67],[11.597,-33.667],[7.324,-29.517],[4.761,-24.487],[3.906,-18.848]],"c":true},"ix":2},"nm":"8","mn":"ADBE Vector Shape - Group","hd":false},{"ind":1,"ty":"sh","ix":2,"ks":{"a":0,"k":{"i":[[-0.521,1.27],[-0.912,0.928],[-1.27,0.505],[-1.465,0],[-1.254,-0.553],[-0.912,-0.928],[-0.488,-1.27],[0,-1.399],[0.52,-1.27],[0.911,-0.879],[1.253,-0.488],[1.497,0],[1.253,0.472],[0.911,0.879],[0.488,1.27],[0,1.595]],"o":[[0.52,-1.27],[0.911,-0.928],[1.27,-0.504],[1.562,0],[1.253,0.554],[0.911,0.928],[0.488,1.27],[0,1.562],[-0.521,1.27],[-0.912,0.879],[-1.254,0.488],[-1.562,0],[-1.254,-0.471],[-0.912,-0.879],[-0.488,-1.27],[0,-1.497]],"v":[[19.287,-24.316],[21.436,-27.612],[24.707,-29.761],[28.809,-30.518],[33.032,-29.688],[36.279,-27.466],[38.379,-24.17],[39.111,-20.166],[38.33,-15.918],[36.182,-12.695],[32.935,-10.645],[28.809,-9.912],[24.585,-10.62],[21.338,-12.646],[19.238,-15.869],[18.506,-20.166]],"c":true},"ix":2},"nm":"8","mn":"ADBE Vector Shape - Group","hd":false},{"ind":2,"ty":"sh","ix":3,"ks":{"a":0,"k":{"i":[[-0.407,1.091],[-0.732,0.798],[-1.025,0.472],[-1.237,0],[-1.025,-0.455],[-0.765,-0.797],[-0.423,-1.09],[0,-1.27],[0.439,-1.074],[0.764,-0.813],[1.009,-0.455],[1.172,0],[1.025,0.456],[0.748,0.798],[0.439,1.091],[0,1.237]],"o":[[0.407,-1.09],[0.732,-0.797],[1.025,-0.471],[1.172,0],[1.025,0.456],[0.764,0.798],[0.423,1.091],[0,1.237],[-0.439,1.074],[-0.765,0.814],[-1.009,0.456],[-1.14,0],[-1.025,-0.455],[-0.749,-0.797],[-0.439,-1.09],[0,-1.237]],"v":[[21.265,-54.663],[22.974,-57.495],[25.61,-59.399],[29.004,-60.107],[32.3,-59.424],[34.985,-57.544],[36.768,-54.712],[37.402,-51.172],[36.743,-47.705],[34.937,-44.873],[32.275,-42.969],[29.004,-42.285],[25.757,-42.969],[23.096,-44.849],[21.313,-47.681],[20.654,-51.172]],"c":true},"ix":2},"nm":"8","mn":"ADBE Vector Shape - Group","hd":false}],"nm":"8","np":6,"cix":2,"bm":0,"ix":1,"mn":"ADBE Vector Group","hd":false}]},"fFamily":"Ebrima"},{"ch":"9","size":109,"style":"Bold","w":57.52,"data":{"shapes":[{"ty":"gr","it":[{"ind":0,"ty":"sh","ix":1,"ks":{"a":0,"k":{"i":[[1.123,4.07],[2.132,2.8],[3.027,1.482],[3.809,0],[3.027,-1.188],[2.164,-2.18],[1.204,-3.027],[0,-3.678],[-0.993,-2.637],[-1.775,-1.904],[-2.425,-1.074],[-2.865,0],[-3.093,4.59],[0,0],[2.995,-3.613],[5.305,0],[3.678,2.409],[0,0],[-5.73,0],[-3.777,1.807],[-2.621,3.386],[-1.367,4.9],[0,6.218]],"o":[[-1.123,-4.069],[-2.132,-2.799],[-3.027,-1.481],[-3.679,0],[-3.027,1.189],[-2.165,2.181],[-1.205,3.027],[0,3.158],[0.993,2.637],[1.774,1.904],[2.425,1.074],[6.315,0],[0,0],[-0.033,6.836],[-2.995,3.613],[-5.176,0],[0,0],[4.134,1.823],[4.785,0],[3.776,-1.807],[2.62,-3.385],[1.367,-4.899],[0,-5.176]],"v":[[51.392,-52.246],[46.509,-62.549],[38.77,-68.97],[28.516,-71.191],[18.457,-69.409],[10.669,-64.355],[5.615,-56.543],[3.809,-46.484],[5.298,-37.793],[9.448,-30.981],[15.747,-26.514],[23.682,-24.902],[37.793,-31.787],[38.086,-31.689],[33.545,-16.016],[21.094,-10.596],[7.812,-14.209],[7.812,-1.514],[22.607,1.221],[35.449,-1.489],[45.044,-9.277],[51.025,-21.704],[53.076,-38.379]],"c":true},"ix":2},"nm":"9","mn":"ADBE Vector Shape - Group","hd":false},{"ind":1,"ty":"sh","ix":2,"ks":{"a":0,"k":{"i":[[0.439,-1.237],[0.797,-0.911],[1.106,-0.537],[1.367,0],[1.172,0.505],[0.83,0.977],[0.455,1.416],[0,1.823],[-0.456,1.433],[-0.814,1.025],[-1.123,0.586],[-1.335,0],[-1.172,-0.667],[-0.814,-1.139],[-0.456,-1.579],[0,-1.79]],"o":[[-0.439,1.237],[-0.798,0.912],[-1.107,0.537],[-1.433,0],[-1.172,-0.504],[-0.83,-0.977],[-0.456,-1.416],[0,-1.66],[0.455,-1.432],[0.813,-1.025],[1.123,-0.586],[1.399,0],[1.172,0.668],[0.813,1.14],[0.455,1.579],[0,1.433]],"v":[[36.841,-42.578],[34.985,-39.355],[32.129,-37.183],[28.418,-36.377],[24.512,-37.134],[21.509,-39.355],[19.58,-42.944],[18.896,-47.803],[19.58,-52.441],[21.484,-56.128],[24.39,-58.545],[28.076,-59.424],[31.934,-58.423],[34.912,-55.713],[36.816,-51.636],[37.5,-46.582]],"c":true},"ix":2},"nm":"9","mn":"ADBE Vector Shape - Group","hd":false}],"nm":"9","np":5,"cix":2,"bm":0,"ix":1,"mn":"ADBE Vector Group","hd":false}]},"fFamily":"Ebrima"}]}