{"v":"4.8.0","meta":{"g":"LottieFiles AE ","a":"","k":"","d":"","tc":""},"fr":24,"ip":7,"op":97,"w":1000,"h":1000,"nm":"3l","ddd":0,"assets":[],"layers":[{"ddd":0,"ind":1,"ty":3,"nm":"Null 1","sr":1,"ks":{"o":{"a":0,"k":0,"ix":11},"r":{"a":1,"k":[{"i":{"x":[0.833],"y":[0.833]},"o":{"x":[0.167],"y":[0.167]},"t":90,"s":[0]},{"t":96,"s":[360]}],"ix":10},"p":{"a":0,"k":[507,542,0],"ix":2},"a":{"a":0,"k":[40,230,0],"ix":1},"s":{"a":0,"k":[30,30,100],"ix":6}},"ao":0,"ip":0,"op":97,"st":0,"bm":0},{"ddd":0,"ind":2,"ty":4,"nm":"Illustration 7","parent":1,"sr":1,"ks":{"o":{"a":0,"k":100,"ix":11},"r":{"a":0,"k":0,"ix":10},"p":{"a":0,"k":[25.599,92.792,0],"ix":2},"a":{"a":0,"k":[525.599,592.792,0],"ix":1},"s":{"a":0,"k":[100,100,100],"ix":6}},"ao":0,"shapes":[{"ty":"gr","it":[{"ty":"gr","it":[{"ind":0,"ty":"sh","ix":1,"ks":{"a":0,"k":{"i":[[-0.743,-47.617],[400.265,-2.474],[0,48.479],[-403.254,1.682]],"o":[[0.744,47.666],[-404.004,2.497],[0,-48.429],[399.529,-1.666]],"v":[[727.491,-3.847],[6.802,86.96],[-727.492,3.683],[5.433,-87.024]],"c":true},"ix":2},"nm":"Path 1","mn":"ADBE Vector Shape - Group","hd":false},{"ty":"gf","o":{"a":0,"k":100,"ix":10},"r":1,"bm":0,"g":{"p":3,"k":{"a":0,"k":[0,0.192,0.098,0.267,0.5,0.365,0.161,0.365,1,0.537,0.224,0.463],"ix":9}},"s":{"a":0,"k":[112.989,-317.794],"ix":5},"e":{"a":0,"k":[-252.199,703.069],"ix":6},"t":1,"nm":"Gradient Fill 1","mn":"ADBE Vector Graphic - G-Fill","hd":false},{"ty":"tr","p":{"a":0,"k":[525.011,-371.206],"ix":2},"a":{"a":0,"k":[0,0],"ix":1},"s":{"a":0,"k":[100,100],"ix":3},"r":{"a":0,"k":0,"ix":6},"o":{"a":0,"k":100,"ix":7},"sk":{"a":0,"k":0,"ix":4},"sa":{"a":0,"k":0,"ix":5},"nm":"Transform"}],"nm":"Group 1","np":2,"cix":2,"bm":0,"ix":1,"mn":"ADBE Vector Group","hd":false},{"ty":"gr","it":[{"ind":0,"ty":"sh","ix":1,"ks":{"a":0,"k":{"i":[[0,0],[0,0],[126.445,-0.641],[104.379,-9.346],[0,0],[0,0],[0,0],[0,-0.148],[-404.333,2.856],[0.745,47.743],[0.005,0]],"o":[[0,0],[-103.09,-8.219],[-126.816,0.642],[0,0],[0,0],[0,0],[-0.006,0],[0,48.559],[400.588,-2.829],[-0.002,-0.146],[0,0]],"v":[[726.881,-79.689],[353.55,-77.441],[5.453,-86.157],[-345.299,-73.582],[-728.081,-71.518],[-728.081,1.399],[-728.034,1.399],[-728.081,2.87],[6.812,86.155],[728.08,-5.652],[728.029,-6.308]],"c":true},"ix":2},"nm":"Path 1","mn":"ADBE Vector Shape - Group","hd":false},{"ty":"gf","o":{"a":0,"k":100,"ix":10},"r":1,"bm":0,"g":{"p":3,"k":{"a":0,"k":[0,0.192,0.098,0.267,0.5,0.365,0.161,0.365,1,0.537,0.224,0.463],"ix":9}},"s":{"a":0,"k":[75.401,1035.839],"ix":5},"e":{"a":0,"k":[-15.831,-252.802],"ix":6},"t":1,"nm":"Gradient Fill 1","mn":"ADBE Vector Graphic - G-Fill","hd":false},{"ty":"tr","p":{"a":0,"k":[525.599,-294.838],"ix":2},"a":{"a":0,"k":[0,0],"ix":1},"s":{"a":0,"k":[100,100],"ix":3},"r":{"a":0,"k":0,"ix":6},"o":{"a":0,"k":100,"ix":7},"sk":{"a":0,"k":0,"ix":4},"sa":{"a":0,"k":0,"ix":5},"nm":"Transform"}],"nm":"Group 2","np":2,"cix":2,"bm":0,"ix":2,"mn":"ADBE Vector Group","hd":false},{"ty":"tr","p":{"a":0,"k":[525.599,-294.838],"ix":2},"a":{"a":0,"k":[525.599,-294.838],"ix":1},"s":{"a":0,"k":[100,100],"ix":3},"r":{"a":0,"k":0,"ix":6},"o":{"a":0,"k":100,"ix":7},"sk":{"a":0,"k":0,"ix":4},"sa":{"a":0,"k":0,"ix":5},"nm":"Transform"}],"nm":"Group 1","np":2,"cix":2,"bm":0,"ix":1,"mn":"ADBE Vector Group","hd":false},{"ty":"gr","it":[{"ty":"gr","it":[{"ind":0,"ty":"sh","ix":1,"ks":{"a":0,"k":{"i":[[13.715,-228.435],[0,0],[0,0],[0,0]],"o":[[0,0],[38.74,-411.493],[0,0],[-253.228,112.809]],"v":[[-75.808,323.177],[-258.877,327.799],[166.784,-326.158],[258.877,-327.799]],"c":true},"ix":2},"nm":"Path 1","mn":"ADBE Vector Shape - Group","hd":false},{"ty":"fl","c":{"a":0,"k":[1,1,1,1],"ix":4},"o":{"a":0,"k":100,"ix":5},"r":1,"bm":0,"nm":"Fill 1","mn":"ADBE Vector Graphic - Fill","hd":false},{"ty":"tr","p":{"a":0,"k":[276.854,1050.221],"ix":2},"a":{"a":0,"k":[0,0],"ix":1},"s":{"a":0,"k":[100,100],"ix":3},"r":{"a":0,"k":0,"ix":6},"o":{"a":0,"k":100,"ix":7},"sk":{"a":0,"k":0,"ix":4},"sa":{"a":0,"k":0,"ix":5},"nm":"Transform"}],"nm":"Group 1","np":2,"cix":2,"bm":9,"ix":1,"mn":"ADBE Vector Group","hd":false},{"ty":"gr","it":[{"ind":0,"ty":"sh","ix":1,"ks":{"a":0,"k":{"i":[[-0.481,-4.585],[0,0],[-1.078,64.313],[0,0]],"o":[[0,0],[-21.12,-73.085],[0,0],[-3.266,119.292]],"v":[[95.883,103.13],[-67.198,107.747],[-95.793,-102.992],[87.938,-107.747]],"c":true},"ix":2},"nm":"Path 1","mn":"ADBE Vector Shape - Group","hd":false},{"ty":"fl","c":{"a":0,"k":[1,1,1,1],"ix":4},"o":{"a":0,"k":100,"ix":5},"r":1,"bm":0,"nm":"Fill 1","mn":"ADBE Vector Graphic - Fill","hd":false},{"ty":"tr","p":{"a":0,"k":[110.765,1536.12],"ix":2},"a":{"a":0,"k":[0,0],"ix":1},"s":{"a":0,"k":[100,100],"ix":3},"r":{"a":0,"k":0,"ix":6},"o":{"a":0,"k":100,"ix":7},"sk":{"a":0,"k":0,"ix":4},"sa":{"a":0,"k":0,"ix":5},"nm":"Transform"}],"nm":"Group 2","np":2,"cix":2,"bm":9,"ix":2,"mn":"ADBE Vector Group","hd":false},{"ty":"tr","p":{"a":0,"k":[110.765,1536.12],"ix":2},"a":{"a":0,"k":[110.765,1536.12],"ix":1},"s":{"a":0,"k":[100,100],"ix":3},"r":{"a":0,"k":0,"ix":6},"o":{"a":0,"k":30,"ix":7},"sk":{"a":0,"k":0,"ix":4},"sa":{"a":0,"k":0,"ix":5},"nm":"Transform"}],"nm":"Group 2","np":2,"cix":2,"bm":0,"ix":2,"mn":"ADBE Vector Group","hd":false},{"ty":"gr","it":[{"ty":"gr","it":[{"ind":0,"ty":"sh","ix":1,"ks":{"a":0,"k":{"i":[[15.481,222.295],[0,0],[0,0],[0,0]],"o":[[0,0],[40.365,397.017],[0,0],[-253.966,-99.12]],"v":[[-79.635,-313.038],[-260.002,-311.404],[168.035,313.038],[260.002,311.537]],"c":true},"ix":2},"nm":"Path 1","mn":"ADBE Vector Shape - Group","hd":false},{"ty":"fl","c":{"a":0,"k":[1,1,1,1],"ix":4},"o":{"a":0,"k":100,"ix":5},"r":1,"bm":0,"nm":"Fill 1","mn":"ADBE Vector Graphic - Fill","hd":false},{"ty":"tr","p":{"a":0,"k":[274.71,280.758],"ix":2},"a":{"a":0,"k":[0,0],"ix":1},"s":{"a":0,"k":[100,100],"ix":3},"r":{"a":0,"k":0,"ix":6},"o":{"a":0,"k":100,"ix":7},"sk":{"a":0,"k":0,"ix":4},"sa":{"a":0,"k":0,"ix":5},"nm":"Transform"}],"nm":"Group 1","np":2,"cix":2,"bm":9,"ix":1,"mn":"ADBE Vector Group","hd":false},{"ty":"gr","it":[{"ind":0,"ty":"sh","ix":1,"ks":{"a":0,"k":{"i":[[0,0],[0,0],[114.352,-34.811],[-1.596,-75.461]],"o":[[-4.275,-119.533],[0,0],[-29.9,88.257],[0,0]],"v":[[87.435,127.307],[93.509,-79.013],[-53.344,-119.658],[-93.367,128.834]],"c":true},"ix":2},"nm":"Path 1","mn":"ADBE Vector Shape - Group","hd":false},{"ty":"fl","c":{"a":0,"k":[1,1,1,1],"ix":4},"o":{"a":0,"k":100,"ix":5},"r":1,"bm":0,"nm":"Fill 1","mn":"ADBE Vector Graphic - Fill","hd":false},{"ty":"tr","p":{"a":0,"k":[104.872,-212.8],"ix":2},"a":{"a":0,"k":[0,0],"ix":1},"s":{"a":0,"k":[100,100],"ix":3},"r":{"a":0,"k":0,"ix":6},"o":{"a":0,"k":100,"ix":7},"sk":{"a":0,"k":0,"ix":4},"sa":{"a":0,"k":0,"ix":5},"nm":"Transform"}],"nm":"Group 2","np":2,"cix":2,"bm":9,"ix":2,"mn":"ADBE Vector Group","hd":false},{"ty":"tr","p":{"a":0,"k":[104.872,-212.8],"ix":2},"a":{"a":0,"k":[104.872,-212.8],"ix":1},"s":{"a":0,"k":[100,100],"ix":3},"r":{"a":0,"k":0,"ix":6},"o":{"a":0,"k":30,"ix":7},"sk":{"a":0,"k":0,"ix":4},"sa":{"a":0,"k":0,"ix":5},"nm":"Transform"}],"nm":"Group 3","np":2,"cix":2,"bm":0,"ix":3,"mn":"ADBE Vector Group","hd":false}],"ip":0,"op":97,"st":0,"bm":0},{"ddd":0,"ind":3,"ty":4,"nm":"Illustration 6","parent":1,"sr":1,"ks":{"o":{"a":1,"k":[{"i":{"x":[0.833],"y":[0.833]},"o":{"x":[0.167],"y":[0.167]},"t":30,"s":[0]},{"t":36,"s":[30]}],"ix":11},"r":{"a":0,"k":0,"ix":10},"p":{"a":0,"k":[45.418,1072.826,0],"ix":2},"a":{"a":0,"k":[0,0,0],"ix":1},"s":{"a":0,"k":[100,100,100],"ix":6}},"ao":0,"shapes":[{"ty":"gr","it":[{"ind":0,"ty":"sh","ix":1,"ks":{"a":0,"k":{"i":[[-1.116,-30.961],[115.265,-13.593],[63.47,-2.354],[1.914,-0.054],[0,0],[80.063,3.94],[88.913,14.971],[-0.331,4.744],[-94.034,59.124],[-137.117,-21.474],[-8.574,2.531],[-26.421,40.031],[-2.663,-45.063]],"o":[[-93.112,23.109],[-71.231,8.4],[0,0],[-1.915,0.055],[-69.54,2.735],[-108.681,-5.35],[0.331,-4.744],[104.205,0.102],[125.392,-78.877],[80.235,12.565],[71.153,-21.004],[3.904,42.735],[1.896,32.071]],"v":[[523.392,75.64],[210.186,132.758],[7.838,148.413],[3.171,148.546],[-1.498,148.679],[-226.288,147.573],[-523.392,115.353],[-522.398,101.122],[-107.347,34.694],[259.736,-27.787],[365.548,-35.194],[508.988,-150.644],[518.895,-18.921]],"c":true},"ix":2},"nm":"Path 1","mn":"ADBE Vector Shape - Group","hd":false},{"ty":"gf","o":{"a":0,"k":100,"ix":10},"r":1,"bm":0,"g":{"p":3,"k":{"a":0,"k":[0,1,0.769,0.267,0.498,0.976,0.602,0.302,0.996,0.953,0.435,0.337],"ix":9}},"s":{"a":0,"k":[5.249,-342.826],"ix":5},"e":{"a":0,"k":[-14.263,1252.34],"ix":6},"t":1,"nm":"Gradient Fill 1","mn":"ADBE Vector Graphic - G-Fill","hd":false},{"ty":"tr","p":{"a":0,"k":[0,0],"ix":2},"a":{"a":0,"k":[0,0],"ix":1},"s":{"a":0,"k":[100,100],"ix":3},"r":{"a":0,"k":0,"ix":6},"o":{"a":0,"k":100,"ix":7},"sk":{"a":0,"k":0,"ix":4},"sa":{"a":0,"k":0,"ix":5},"nm":"Transform"}],"nm":"Group 1","np":2,"cix":2,"bm":1,"ix":1,"mn":"ADBE Vector Group","hd":false}],"ip":0,"op":90,"st":0,"bm":1},{"ddd":0,"ind":4,"ty":4,"nm":"Shape Layer 1","td":1,"sr":1,"ks":{"o":{"a":0,"k":100,"ix":11},"r":{"a":0,"k":0,"ix":10},"p":{"a":1,"k":[{"i":{"x":0.833,"y":0.833},"o":{"x":0.167,"y":0.167},"t":13,"s":[500,755,0],"to":[0,-1.333,0],"ti":[0,42.5,0]},{"i":{"x":0.833,"y":0.833},"o":{"x":0.167,"y":0.167},"t":18,"s":[500,747,0],"to":[0,-42.5,0],"ti":[0,41.167,0]},{"t":72,"s":[500,500,0]}],"ix":2},"a":{"a":0,"k":[0,0,0],"ix":1},"s":{"a":0,"k":[100,100,100],"ix":6}},"ao":0,"shapes":[{"ty":"gr","it":[{"ty":"rc","d":1,"s":{"a":0,"k":[438.186,251.035],"ix":2},"p":{"a":0,"k":[0,0],"ix":3},"r":{"a":0,"k":0,"ix":4},"nm":"Rectangle Path 1","mn":"ADBE Vector Shape - Rect","hd":false},{"ty":"st","c":{"a":0,"k":[0.107331997741,0.566286034678,0.863636031805,1],"ix":3},"o":{"a":0,"k":100,"ix":4},"w":{"a":0,"k":5,"ix":5},"lc":1,"lj":1,"ml":4,"bm":0,"nm":"Stroke 1","mn":"ADBE Vector Graphic - Stroke","hd":false},{"ty":"gf","o":{"a":0,"k":100,"ix":10},"r":1,"bm":0,"g":{"p":3,"k":{"a":0,"k":[0,0.031,0.11,0.247,0.323,0.031,0.141,0.312,0.999,0.031,0.173,0.376],"ix":9}},"s":{"a":0,"k":[0,0],"ix":5},"e":{"a":0,"k":[100,0],"ix":6},"t":1,"nm":"Gradient Fill 1","mn":"ADBE Vector Graphic - G-Fill","hd":false},{"ty":"tr","p":{"a":0,"k":[13.093,215.517],"ix":2},"a":{"a":0,"k":[0,0],"ix":1},"s":{"a":0,"k":[100,100],"ix":3},"r":{"a":0,"k":0,"ix":6},"o":{"a":0,"k":100,"ix":7},"sk":{"a":0,"k":0,"ix":4},"sa":{"a":0,"k":0,"ix":5},"nm":"Transform"}],"nm":"Rectangle 1","np":3,"cix":2,"bm":0,"ix":1,"mn":"ADBE Vector Group","hd":false}],"ip":0,"op":90,"st":0,"bm":0},{"ddd":0,"ind":5,"ty":4,"nm":"Illustration 5","parent":1,"tt":1,"sr":1,"ks":{"o":{"a":0,"k":100,"ix":11},"r":{"a":0,"k":0,"ix":10},"p":{"a":0,"k":[45.4,1201.938,0],"ix":2},"a":{"a":0,"k":[0,426.667,0],"ix":1},"s":{"a":0,"k":[100,93.896,100],"ix":6}},"ao":0,"shapes":[{"ty":"gr","it":[{"ind":0,"ty":"sh","ix":1,"ks":{"a":0,"k":{"i":[[0,0],[42.014,-1.613],[1.916,-0.073],[0,0],[110.181,4.348],[88.691,18.874],[0,0.064],[0,0.125],[0,17.564],[0,0.061],[-21.019,62.215],[-13.849,12.135],[-105.258,-213.879],[-7.18,-46.137],[-4.122,-57.034]],"o":[[-185.169,54.11],[0,0],[-1.916,0.074],[-22.336,0.858],[-97.167,-3.932],[-0.189,0.007],[0,0],[0,-1.558],[0,-0.064],[3.981,-89.541],[75.586,-223.726],[13.986,11.34],[8.934,18.153],[8.168,52.385],[6.048,83.457]],"v":[[523.409,373.195],[7.546,445.561],[2.875,445.74],[-1.796,445.92],[-226.721,444.426],[-523.374,412.908],[-522.928,411.964],[-522.928,411.778],[-522.928,381.69],[-522.928,381.565],[-474.319,-22.624],[-2.21,-447.129],[469.859,-53.771],[496.943,47.299],[515.106,220.268]],"c":true},"ix":2},"nm":"Path 1","mn":"ADBE Vector Shape - Group","hd":false},{"ty":"gf","o":{"a":0,"k":100,"ix":10},"r":1,"bm":0,"g":{"p":3,"k":{"a":0,"k":[0,1,0.769,0.267,0.498,0.976,0.602,0.302,0.996,0.953,0.435,0.337],"ix":9}},"s":{"a":0,"k":[16.267,-985.271],"ix":5},"e":{"a":0,"k":[-40.294,3638.801],"ix":6},"t":1,"nm":"Gradient Fill 1","mn":"ADBE Vector Graphic - G-Fill","hd":false},{"ty":"tr","p":{"a":0,"k":[0,0],"ix":2},"a":{"a":0,"k":[0,0],"ix":1},"s":{"a":0,"k":[100,100],"ix":3},"r":{"a":0,"k":0,"ix":6},"o":{"a":0,"k":100,"ix":7},"sk":{"a":0,"k":0,"ix":4},"sa":{"a":0,"k":0,"ix":5},"nm":"Transform"}],"nm":"Group 1","np":2,"cix":2,"bm":0,"ix":1,"mn":"ADBE Vector Group","hd":false}],"ip":0,"op":90,"st":0,"bm":0},{"ddd":0,"ind":6,"ty":3,"nm":"Null 2","sr":1,"ks":{"o":{"a":0,"k":0,"ix":11},"r":{"a":0,"k":0,"ix":10},"p":{"a":1,"k":[{"i":{"x":0.833,"y":0.833},"o":{"x":0.167,"y":0.167},"t":13,"s":[500,500,0],"to":[0.917,0,0],"ti":[-0.917,0,0]},{"i":{"x":0.833,"y":0.833},"o":{"x":0.167,"y":0.167},"t":72,"s":[505.5,500,0],"to":[0,0,0],"ti":[0,0,0]},{"i":{"x":0.833,"y":0.833},"o":{"x":0.167,"y":0.167},"t":95,"s":[505.5,500,0],"to":[-0.917,0,0],"ti":[0.917,0,0]},{"t":96,"s":[500,500,0]}],"ix":2},"a":{"a":0,"k":[0,0,0],"ix":1},"s":{"a":1,"k":[{"i":{"x":[0.833,0.833,0.833],"y":[0.833,0.833,0.833]},"o":{"x":[0.167,0.167,0.167],"y":[0.167,0.167,0.167]},"t":13,"s":[100,100,100]},{"i":{"x":[0.833,0.833,0.833],"y":[0.833,0.833,0.833]},"o":{"x":[0.167,0.167,0.167],"y":[0.167,0.167,0.167]},"t":72,"s":[0,0,100]},{"i":{"x":[0.833,0.833,0.833],"y":[0.833,0.833,0.833]},"o":{"x":[0.167,0.167,0.167],"y":[0.167,0.167,0.167]},"t":95,"s":[0,0,100]},{"t":96,"s":[100,100,100]}],"ix":6}},"ao":0,"ip":0,"op":97,"st":0,"bm":0},{"ddd":0,"ind":7,"ty":4,"nm":"Illustration 10","parent":6,"sr":1,"ks":{"o":{"a":0,"k":100,"ix":11},"r":{"a":0,"k":0,"ix":10},"p":{"a":0,"k":[5.097,-202.637,0],"ix":2},"a":{"a":0,"k":[0,0,0],"ix":1},"s":{"a":0,"k":[30,30,100],"ix":6}},"ao":0,"shapes":[{"ty":"gr","it":[{"ind":0,"ty":"sh","ix":1,"ks":{"a":0,"k":{"i":[[-0.347,-36.255],[311.682,-5.014],[0.12,36.577],[-312.895,4.729]],"o":[[0.348,36.269],[-313.123,5.038],[-0.12,-36.563],[311.456,-4.707]],"v":[[565.456,-8.847],[2.785,65.898],[-565.456,8.797],[1.935,-65.973]],"c":true},"ix":2},"nm":"Path 1","mn":"ADBE Vector Shape - Group","hd":false},{"ty":"gf","o":{"a":0,"k":100,"ix":10},"r":1,"bm":0,"g":{"p":3,"k":{"a":0,"k":[0,1,0.769,0.267,0.498,0.976,0.602,0.302,0.996,0.953,0.435,0.337],"ix":9}},"s":{"a":0,"k":[197.342,-2286.542],"ix":5},"e":{"a":0,"k":[-122.479,1411.399],"ix":6},"t":1,"nm":"Gradient Fill 1","mn":"ADBE Vector Graphic - G-Fill","hd":false},{"ty":"tr","p":{"a":0,"k":[0,0],"ix":2},"a":{"a":0,"k":[0,0],"ix":1},"s":{"a":0,"k":[100,100],"ix":3},"r":{"a":0,"k":0,"ix":6},"o":{"a":0,"k":100,"ix":7},"sk":{"a":0,"k":0,"ix":4},"sa":{"a":0,"k":0,"ix":5},"nm":"Transform"}],"nm":"Group 1","np":2,"cix":2,"bm":0,"ix":1,"mn":"ADBE Vector Group","hd":false}],"ip":96,"op":97,"st":88,"bm":0},{"ddd":0,"ind":8,"ty":4,"nm":"Illustration 9","parent":6,"sr":1,"ks":{"o":{"a":0,"k":100,"ix":11},"r":{"a":0,"k":0,"ix":10},"p":{"a":0,"k":[4.953,-97.141,0],"ix":2},"a":{"a":0,"k":[0,0,0],"ix":1},"s":{"a":0,"k":[30,30,100],"ix":6}},"ao":0,"shapes":[{"ty":"gr","it":[{"ind":0,"ty":"sh","ix":1,"ks":{"a":0,"k":{"i":[[0,0],[0,0],[0,0],[-331.639,-224.234],[0,0],[0,0]],"o":[[0,0],[0,0],[0,0],[327.404,-238.314],[0,0],[0,0]],"v":[[2.362,-354.926],[-565.937,-344.832],[-536.362,-276.871],[6.46,364.936],[537.611,-296.289],[565.937,-364.936]],"c":true},"ix":2},"nm":"Path 1","mn":"ADBE Vector Shape - Group","hd":false},{"ty":"gf","o":{"a":0,"k":100,"ix":10},"r":1,"bm":0,"g":{"p":3,"k":{"a":0,"k":[0,1,0.769,0.267,0.498,0.976,0.602,0.302,0.996,0.953,0.435,0.337],"ix":9}},"s":{"a":0,"k":[4.823,-814.196],"ix":5},"e":{"a":0,"k":[-41.705,2989.677],"ix":6},"t":1,"nm":"Gradient Fill 1","mn":"ADBE Vector Graphic - G-Fill","hd":false},{"ty":"tr","p":{"a":0,"k":[0,0],"ix":2},"a":{"a":0,"k":[0,0],"ix":1},"s":{"a":0,"k":[100,100],"ix":3},"r":{"a":0,"k":0,"ix":6},"o":{"a":0,"k":100,"ix":7},"sk":{"a":0,"k":0,"ix":4},"sa":{"a":0,"k":0,"ix":5},"nm":"Transform"}],"nm":"Group 1","np":2,"cix":2,"bm":0,"ix":1,"mn":"ADBE Vector Group","hd":false}],"ip":96,"op":97,"st":88,"bm":0},{"ddd":0,"ind":9,"ty":4,"nm":"Illustration 4","parent":6,"sr":1,"ks":{"o":{"a":0,"k":100,"ix":11},"r":{"a":0,"k":0,"ix":10},"p":{"a":0,"k":[5.097,-202.637,0],"ix":2},"a":{"a":0,"k":[0,0,0],"ix":1},"s":{"a":0,"k":[30,30,100],"ix":6}},"ao":0,"shapes":[{"ty":"gr","it":[{"ind":0,"ty":"sh","ix":1,"ks":{"a":0,"k":{"i":[[-0.347,-36.255],[311.682,-5.014],[0.12,36.577],[-312.895,4.729]],"o":[[0.348,36.269],[-313.123,5.038],[-0.12,-36.563],[311.456,-4.707]],"v":[[565.456,-8.847],[2.785,65.898],[-565.456,8.797],[1.935,-65.973]],"c":true},"ix":2},"nm":"Path 1","mn":"ADBE Vector Shape - Group","hd":false},{"ty":"gf","o":{"a":0,"k":100,"ix":10},"r":1,"bm":0,"g":{"p":3,"k":{"a":0,"k":[0,1,0.769,0.267,0.498,0.976,0.602,0.302,0.996,0.953,0.435,0.337],"ix":9}},"s":{"a":0,"k":[197.342,-2286.542],"ix":5},"e":{"a":0,"k":[-122.479,1411.399],"ix":6},"t":1,"nm":"Gradient Fill 1","mn":"ADBE Vector Graphic - G-Fill","hd":false},{"ty":"tr","p":{"a":0,"k":[0,0],"ix":2},"a":{"a":0,"k":[0,0],"ix":1},"s":{"a":0,"k":[100,100],"ix":3},"r":{"a":0,"k":0,"ix":6},"o":{"a":0,"k":100,"ix":7},"sk":{"a":0,"k":0,"ix":4},"sa":{"a":0,"k":0,"ix":5},"nm":"Transform"}],"nm":"Group 1","np":2,"cix":2,"bm":0,"ix":1,"mn":"ADBE Vector Group","hd":false}],"ip":0,"op":90,"st":0,"bm":0},{"ddd":0,"ind":10,"ty":4,"nm":"Illustration 3","parent":6,"sr":1,"ks":{"o":{"a":0,"k":100,"ix":11},"r":{"a":0,"k":0,"ix":10},"p":{"a":0,"k":[4.953,-97.141,0],"ix":2},"a":{"a":0,"k":[0,0,0],"ix":1},"s":{"a":0,"k":[30,30,100],"ix":6}},"ao":0,"shapes":[{"ty":"gr","it":[{"ind":0,"ty":"sh","ix":1,"ks":{"a":0,"k":{"i":[[0,0],[0,0],[0,0],[-331.639,-224.234],[0,0],[0,0]],"o":[[0,0],[0,0],[0,0],[327.404,-238.314],[0,0],[0,0]],"v":[[2.362,-354.926],[-565.937,-344.832],[-536.362,-276.871],[6.46,364.936],[537.611,-296.289],[565.937,-364.936]],"c":true},"ix":2},"nm":"Path 1","mn":"ADBE Vector Shape - Group","hd":false},{"ty":"gf","o":{"a":0,"k":100,"ix":10},"r":1,"bm":0,"g":{"p":3,"k":{"a":0,"k":[0,1,0.769,0.267,0.498,0.976,0.602,0.302,0.996,0.953,0.435,0.337],"ix":9}},"s":{"a":0,"k":[4.823,-814.196],"ix":5},"e":{"a":0,"k":[-41.705,2989.677],"ix":6},"t":1,"nm":"Gradient Fill 1","mn":"ADBE Vector Graphic - G-Fill","hd":false},{"ty":"tr","p":{"a":0,"k":[0,0],"ix":2},"a":{"a":0,"k":[0,0],"ix":1},"s":{"a":0,"k":[100,100],"ix":3},"r":{"a":0,"k":0,"ix":6},"o":{"a":0,"k":100,"ix":7},"sk":{"a":0,"k":0,"ix":4},"sa":{"a":0,"k":0,"ix":5},"nm":"Transform"}],"nm":"Group 1","np":2,"cix":2,"bm":0,"ix":1,"mn":"ADBE Vector Group","hd":false}],"ip":0,"op":89,"st":0,"bm":0},{"ddd":0,"ind":11,"ty":4,"nm":"Illustration 8","parent":1,"sr":1,"ks":{"o":{"a":0,"k":100,"ix":11},"r":{"a":0,"k":0,"ix":10},"p":{"a":0,"k":[39.044,1134.632,0],"ix":2},"a":{"a":0,"k":[0,230.905,0],"ix":1},"s":{"a":1,"k":[{"i":{"x":[0.833,0.833,0.833],"y":[0.833,0.833,0.833]},"o":{"x":[0.167,0.167,0.167],"y":[0.167,0.167,0.167]},"t":69,"s":[100,221,100]},{"t":79,"s":[100,145,100]}],"ix":6}},"ao":0,"shapes":[{"ty":"gr","it":[{"ind":0,"ty":"sh","ix":1,"ks":{"a":0,"k":{"i":[[0,0],[0,0],[0,0],[0,0]],"o":[[0,0],[0,0],[0,0],[0,0]],"v":[[17.676,263.049],[-13.765,263.771],[-17.676,-263.243],[13.597,-263.771]],"c":true},"ix":2},"nm":"Path 1","mn":"ADBE Vector Shape - Group","hd":false},{"ty":"gf","o":{"a":0,"k":100,"ix":10},"r":1,"bm":0,"g":{"p":5,"k":{"a":0,"k":[0,1,0.769,0.267,0.267,0.976,0.602,0.302,0.48,0.953,0.435,0.337,0.782,0.975,0.586,0.306,1,0.996,0.737,0.275],"ix":9}},"s":{"a":0,"k":[-306.044,305.035],"ix":5},"e":{"a":0,"k":[1126.736,-1127.745],"ix":6},"t":1,"nm":"Gradient Fill 1","mn":"ADBE Vector Graphic - G-Fill","hd":false},{"ty":"tr","p":{"a":0,"k":[0,0],"ix":2},"a":{"a":0,"k":[0,0],"ix":1},"s":{"a":0,"k":[100,100],"ix":3},"r":{"a":0,"k":0,"ix":6},"o":{"a":0,"k":100,"ix":7},"sk":{"a":0,"k":0,"ix":4},"sa":{"a":0,"k":0,"ix":5},"nm":"Transform"}],"nm":"Group 1","np":2,"cix":2,"bm":0,"ix":1,"mn":"ADBE Vector Group","hd":false}],"ip":48,"op":90,"st":0,"bm":0},{"ddd":0,"ind":12,"ty":4,"nm":"Illustration 2","parent":1,"sr":1,"ks":{"o":{"a":0,"k":100,"ix":11},"r":{"a":0,"k":0,"ix":10},"p":{"a":0,"k":[39.044,101.299,0],"ix":2},"a":{"a":0,"k":[0,-236.667,0],"ix":1},"s":{"a":1,"k":[{"i":{"x":[0.833,0.833,0.833],"y":[0.833,0.833,0.833]},"o":{"x":[0.167,0.167,0.167],"y":[0.167,0.167,0.167]},"t":13,"s":[100,-1,100]},{"t":18,"s":[100,221,100]}],"ix":6}},"ao":0,"shapes":[{"ty":"gr","it":[{"ind":0,"ty":"sh","ix":1,"ks":{"a":0,"k":{"i":[[0,0],[0,0],[0,0],[0,0]],"o":[[0,0],[0,0],[0,0],[0,0]],"v":[[17.676,263.049],[-13.765,263.771],[-17.676,-263.243],[13.597,-263.771]],"c":true},"ix":2},"nm":"Path 1","mn":"ADBE Vector Shape - Group","hd":false},{"ty":"gf","o":{"a":0,"k":100,"ix":10},"r":1,"bm":0,"g":{"p":5,"k":{"a":0,"k":[0,1,0.769,0.267,0.267,0.976,0.602,0.302,0.48,0.953,0.435,0.337,0.782,0.975,0.586,0.306,1,0.996,0.737,0.275],"ix":9}},"s":{"a":0,"k":[-306.044,305.035],"ix":5},"e":{"a":0,"k":[1126.736,-1127.745],"ix":6},"t":1,"nm":"Gradient Fill 1","mn":"ADBE Vector Graphic - G-Fill","hd":false},{"ty":"tr","p":{"a":0,"k":[0,0],"ix":2},"a":{"a":0,"k":[0,0],"ix":1},"s":{"a":0,"k":[100,100],"ix":3},"r":{"a":0,"k":0,"ix":6},"o":{"a":0,"k":100,"ix":7},"sk":{"a":0,"k":0,"ix":4},"sa":{"a":0,"k":0,"ix":5},"nm":"Transform"}],"nm":"Group 1","np":2,"cix":2,"bm":0,"ix":1,"mn":"ADBE Vector Group","hd":false}],"ip":13,"op":49,"st":0,"bm":0},{"ddd":0,"ind":13,"ty":4,"nm":"Illustration","parent":1,"sr":1,"ks":{"o":{"a":0,"k":100,"ix":11},"r":{"a":0,"k":0,"ix":10},"p":{"a":0,"k":[41.583,245.922,0],"ix":2},"a":{"a":0,"k":[541.583,745.922,0],"ix":1},"s":{"a":0,"k":[100,100,100],"ix":6}},"ao":0,"shapes":[{"ty":"gr","it":[{"ind":0,"ty":"sh","ix":1,"ks":{"a":0,"k":{"i":[[-0.493,-34.552],[5.291,-3.518],[304.622,-9.033],[48.903,28.669],[0.005,3.549],[-341.008,9.614]],"o":[[0.05,3.497],[-47.139,31.072],[-306.783,9.097],[-5.497,-3.253],[-0.047,-35.061],[338.34,-9.539]],"v":[[615.444,-17.842],[607.463,-7.325],[4.874,62.891],[-607.07,27.947],[-615.444,17.758],[3.884,-63.149]],"c":true},"ix":2},"nm":"Path 1","mn":"ADBE Vector Shape - Group","hd":false},{"ty":"fl","c":{"a":0,"k":[0.749019622803,0.784313738346,0.839215695858,1],"ix":4},"o":{"a":0,"k":100,"ix":5},"r":1,"bm":0,"nm":"Fill 1","mn":"ADBE Vector Graphic - Fill","hd":false},{"ty":"tr","p":{"a":0,"k":[541.557,1682.64],"ix":2},"a":{"a":0,"k":[0,0],"ix":1},"s":{"a":0,"k":[100,100],"ix":3},"r":{"a":0,"k":0,"ix":6},"o":{"a":0,"k":100,"ix":7},"sk":{"a":0,"k":0,"ix":4},"sa":{"a":0,"k":0,"ix":5},"nm":"Transform"}],"nm":"Group 1","np":2,"cix":2,"bm":0,"ix":1,"mn":"ADBE Vector Group","hd":false},{"ty":"gr","it":[{"ind":0,"ty":"sh","ix":1,"ks":{"a":0,"k":{"i":[[210.523,-165.669],[0,0],[0,0],[-3.897,-273.056],[0,0],[5.291,-3.518],[0,0],[0,0],[0,0],[0.005,3.549],[0,0],[-216.558,169.922],[0,0],[0,0],[0.37,268.859],[0,0],[0,0],[0,0],[0,0],[0,0]],"o":[[0,0],[0,0],[215.399,160.01],[0,0],[0.05,3.498],[0,0],[0,0],[0,0],[-5.497,-3.252],[0,0],[-0.381,-277.041],[0,0],[0,0],[-216.786,-160.954],[0,0],[0,0],[0,0],[0,0],[0,0],[3.784,265.103]],"v":[[262.069,-168.624],[73.007,-19.923],[265.948,123.651],[613.318,810.115],[615.989,997.226],[607.625,1007.227],[24.965,993.522],[-14.286,994.639],[-605.867,1042.467],[-613.145,1032.776],[-613.406,842.922],[-270.154,133.658],[-79.156,-16.538],[-271.99,-160.457],[-615.724,-843.406],[-615.99,-1036.248],[-28.701,-1011.336],[10.029,-1011.548],[586.876,-1042.467],[589.591,-852.306]],"c":true},"ix":2},"nm":"Path 1","mn":"ADBE Vector Shape - Group","hd":false},{"ty":"fl","c":{"a":0,"k":[0.847058832645,0.870588243008,0.909803926945,1],"ix":4},"o":{"a":0,"k":100,"ix":5},"r":1,"bm":0,"nm":"Fill 1","mn":"ADBE Vector Graphic - Fill","hd":false},{"ty":"tr","p":{"a":0,"k":[541.764,667.622],"ix":2},"a":{"a":0,"k":[0,0],"ix":1},"s":{"a":0,"k":[100,100],"ix":3},"r":{"a":0,"k":0,"ix":6},"o":{"a":0,"k":50,"ix":7},"sk":{"a":0,"k":0,"ix":4},"sa":{"a":0,"k":0,"ix":5},"nm":"Transform"}],"nm":"Group 2","np":2,"cix":2,"bm":0,"ix":2,"mn":"ADBE Vector Group","hd":false},{"ty":"gr","it":[{"ty":"gr","it":[{"ind":0,"ty":"sh","ix":1,"ks":{"a":0,"k":{"i":[[-0.776,-49.73],[409.015,-12.311],[0,50.668],[-412.137,11.538]],"o":[[0.777,49.782],[-412.921,12.428],[0,-50.615],[408.247,-11.43]],"v":[[743.458,-21.686],[7.105,90.696],[-743.459,21.505],[5.675,-91.075]],"c":true},"ix":2},"nm":"Path 1","mn":"ADBE Vector Shape - Group","hd":false},{"ty":"gf","o":{"a":0,"k":100,"ix":10},"r":1,"bm":0,"g":{"p":3,"k":{"a":0,"k":[0,0.192,0.098,0.267,0.5,0.365,0.161,0.365,1,0.537,0.224,0.463],"ix":9}},"s":{"a":0,"k":[122.023,-344.47],"ix":5},"e":{"a":0,"k":[-274.177,763.085],"ix":6},"t":1,"nm":"Gradient Fill 1","mn":"ADBE Vector Graphic - G-Fill","hd":false},{"ty":"tr","p":{"a":0,"k":[540.977,1693.47],"ix":2},"a":{"a":0,"k":[0,0],"ix":1},"s":{"a":0,"k":[100,100],"ix":3},"r":{"a":0,"k":0,"ix":6},"o":{"a":0,"k":100,"ix":7},"sk":{"a":0,"k":0,"ix":4},"sa":{"a":0,"k":0,"ix":5},"nm":"Transform"}],"nm":"Group 1","np":2,"cix":2,"bm":0,"ix":1,"mn":"ADBE Vector Group","hd":false},{"ty":"gr","it":[{"ind":0,"ty":"sh","ix":1,"ks":{"a":0,"k":{"i":[[0,0],[0,0],[129.214,-3.738],[106.684,-12.3],[0,0],[0,0],[0,0],[0,-0.155],[-413.263,12.818],[0.778,49.863],[0.005,0]],"o":[[0,0],[-105.338,-6.087],[-129.601,3.749],[0,0],[0,0],[0,0],[-0.007,0],[0,50.754],[409.351,-12.697],[-0.002,-0.152],[0,0]],"v":[[742.821,-97.922],[361.405,-86.08],[5.701,-86.523],[-352.776,-64.76],[-744.065,-53.201],[-744.065,26.248],[-744.016,26.248],[-744.064,26.481],[7.125,95.003],[744.063,-20.807],[743.994,-23.844]],"c":true},"ix":2},"nm":"Path 1","mn":"ADBE Vector Shape - Group","hd":false},{"ty":"gf","o":{"a":0,"k":100,"ix":10},"r":1,"bm":0,"g":{"p":3,"k":{"a":0,"k":[0,0.192,0.098,0.267,0.5,0.365,0.161,0.365,1,0.537,0.224,0.463],"ix":9}},"s":{"a":0,"k":[-11.583,1386.232],"ix":5},"e":{"a":0,"k":[6.717,-938.05],"ix":6},"t":1,"nm":"Gradient Fill 1","mn":"ADBE Vector Graphic - G-Fill","hd":false},{"ty":"tr","p":{"a":0,"k":[541.583,1768.768],"ix":2},"a":{"a":0,"k":[0,0],"ix":1},"s":{"a":0,"k":[100,100],"ix":3},"r":{"a":0,"k":0,"ix":6},"o":{"a":0,"k":100,"ix":7},"sk":{"a":0,"k":0,"ix":4},"sa":{"a":0,"k":0,"ix":5},"nm":"Transform"}],"nm":"Group 2","np":2,"cix":2,"bm":0,"ix":2,"mn":"ADBE Vector Group","hd":false},{"ty":"tr","p":{"a":0,"k":[541.583,1768.768],"ix":2},"a":{"a":0,"k":[541.583,1768.768],"ix":1},"s":{"a":0,"k":[100,100],"ix":3},"r":{"a":0,"k":0,"ix":6},"o":{"a":0,"k":100,"ix":7},"sk":{"a":0,"k":0,"ix":4},"sa":{"a":0,"k":0,"ix":5},"nm":"Transform"}],"nm":"Group 3","np":2,"cix":2,"bm":0,"ix":3,"mn":"ADBE Vector Group","hd":false}],"ip":0,"op":97,"st":0,"bm":0}],"markers":[]}