{"v":"5.6.5","fr":30,"ip":0,"op":300,"w":160,"h":160,"nm":"Comp 1","ddd":0,"assets":[],"fonts":{"list":[{"fName":"ProductSans-Regular","fFamily":"Product Sans","fStyle":"Regular","ascent":71.5988159179688}]},"layers":[{"ddd":0,"ind":1,"ty":5,"nm":"Text","sr":1,"ks":{"o":{"a":0,"k":100,"ix":11},"r":{"a":0,"k":0,"ix":10},"p":{"a":0,"k":[80,80,0],"ix":2},"a":{"a":0,"k":[0.216,-12.312,0],"ix":1},"s":{"a":0,"k":[100,100,100],"ix":6}},"ao":0,"t":{"d":{"k":[{"s":{"s":36,"f":"ProductSans-Regular","t":"0%","j":2,"tr":0,"lh":43.2,"ls":0,"fc":[0,0.569,1]},"t":0},{"s":{"s":36,"f":"ProductSans-Regular","t":"0%","j":2,"tr":0,"lh":43.2,"ls":0,"fc":[0,0.569,1]},"t":1},{"s":{"s":36,"f":"ProductSans-Regular","t":"1%","j":2,"tr":0,"lh":43.2,"ls":0,"fc":[0,0.569,1]},"t":2},{"s":{"s":36,"f":"ProductSans-Regular","t":"1%","j":2,"tr":0,"lh":43.2,"ls":0,"fc":[0,0.569,1]},"t":3},{"s":{"s":36,"f":"ProductSans-Regular","t":"1%","j":2,"tr":0,"lh":43.2,"ls":0,"fc":[0,0.569,1]},"t":4},{"s":{"s":36,"f":"ProductSans-Regular","t":"2%","j":2,"tr":0,"lh":43.2,"ls":0,"fc":[0,0.569,1]},"t":5},{"s":{"s":36,"f":"ProductSans-Regular","t":"2%","j":2,"tr":0,"lh":43.2,"ls":0,"fc":[0,0.569,1]},"t":6},{"s":{"s":36,"f":"ProductSans-Regular","t":"2%","j":2,"tr":0,"lh":43.2,"ls":0,"fc":[0,0.569,1]},"t":7},{"s":{"s":36,"f":"ProductSans-Regular","t":"3%","j":2,"tr":0,"lh":43.2,"ls":0,"fc":[0,0.569,1]},"t":8},{"s":{"s":36,"f":"ProductSans-Regular","t":"3%","j":2,"tr":0,"lh":43.2,"ls":0,"fc":[0,0.569,1]},"t":9},{"s":{"s":36,"f":"ProductSans-Regular","t":"3%","j":2,"tr":0,"lh":43.2,"ls":0,"fc":[0,0.569,1]},"t":10},{"s":{"s":36,"f":"ProductSans-Regular","t":"4%","j":2,"tr":0,"lh":43.2,"ls":0,"fc":[0,0.569,1]},"t":11},{"s":{"s":36,"f":"ProductSans-Regular","t":"4%","j":2,"tr":0,"lh":43.2,"ls":0,"fc":[0,0.569,1]},"t":12},{"s":{"s":36,"f":"ProductSans-Regular","t":"4%","j":2,"tr":0,"lh":43.2,"ls":0,"fc":[0,0.569,1]},"t":13},{"s":{"s":36,"f":"ProductSans-Regular","t":"5%","j":2,"tr":0,"lh":43.2,"ls":0,"fc":[0,0.569,1]},"t":14},{"s":{"s":36,"f":"ProductSans-Regular","t":"5%","j":2,"tr":0,"lh":43.2,"ls":0,"fc":[0,0.569,1]},"t":15},{"s":{"s":36,"f":"ProductSans-Regular","t":"5%","j":2,"tr":0,"lh":43.2,"ls":0,"fc":[0,0.569,1]},"t":16},{"s":{"s":36,"f":"ProductSans-Regular","t":"6%","j":2,"tr":0,"lh":43.2,"ls":0,"fc":[0,0.569,1]},"t":17},{"s":{"s":36,"f":"ProductSans-Regular","t":"6%","j":2,"tr":0,"lh":43.2,"ls":0,"fc":[0,0.569,1]},"t":18},{"s":{"s":36,"f":"ProductSans-Regular","t":"6%","j":2,"tr":0,"lh":43.2,"ls":0,"fc":[0,0.569,1]},"t":19},{"s":{"s":36,"f":"ProductSans-Regular","t":"7%","j":2,"tr":0,"lh":43.2,"ls":0,"fc":[0,0.569,1]},"t":20},{"s":{"s":36,"f":"ProductSans-Regular","t":"7%","j":2,"tr":0,"lh":43.2,"ls":0,"fc":[0,0.569,1]},"t":21},{"s":{"s":36,"f":"ProductSans-Regular","t":"7%","j":2,"tr":0,"lh":43.2,"ls":0,"fc":[0,0.569,1]},"t":22},{"s":{"s":36,"f":"ProductSans-Regular","t":"8%","j":2,"tr":0,"lh":43.2,"ls":0,"fc":[0,0.569,1]},"t":23},{"s":{"s":36,"f":"ProductSans-Regular","t":"8%","j":2,"tr":0,"lh":43.2,"ls":0,"fc":[0,0.569,1]},"t":24},{"s":{"s":36,"f":"ProductSans-Regular","t":"8%","j":2,"tr":0,"lh":43.2,"ls":0,"fc":[0,0.569,1]},"t":25},{"s":{"s":36,"f":"ProductSans-Regular","t":"9%","j":2,"tr":0,"lh":43.2,"ls":0,"fc":[0,0.569,1]},"t":26},{"s":{"s":36,"f":"ProductSans-Regular","t":"9%","j":2,"tr":0,"lh":43.2,"ls":0,"fc":[0,0.569,1]},"t":27},{"s":{"s":36,"f":"ProductSans-Regular","t":"9%","j":2,"tr":0,"lh":43.2,"ls":0,"fc":[0,0.569,1]},"t":28},{"s":{"s":36,"f":"ProductSans-Regular","t":"10%","j":2,"tr":0,"lh":43.2,"ls":0,"fc":[0,0.569,1]},"t":29},{"s":{"s":36,"f":"ProductSans-Regular","t":"10%","j":2,"tr":0,"lh":43.2,"ls":0,"fc":[0,0.569,1]},"t":30},{"s":{"s":36,"f":"ProductSans-Regular","t":"10%","j":2,"tr":0,"lh":43.2,"ls":0,"fc":[0,0.569,1]},"t":31},{"s":{"s":36,"f":"ProductSans-Regular","t":"11%","j":2,"tr":0,"lh":43.2,"ls":0,"fc":[0,0.569,1]},"t":32},{"s":{"s":36,"f":"ProductSans-Regular","t":"11%","j":2,"tr":0,"lh":43.2,"ls":0,"fc":[0,0.569,1]},"t":33},{"s":{"s":36,"f":"ProductSans-Regular","t":"11%","j":2,"tr":0,"lh":43.2,"ls":0,"fc":[0,0.569,1]},"t":34},{"s":{"s":36,"f":"ProductSans-Regular","t":"12%","j":2,"tr":0,"lh":43.2,"ls":0,"fc":[0,0.569,1]},"t":35},{"s":{"s":36,"f":"ProductSans-Regular","t":"12%","j":2,"tr":0,"lh":43.2,"ls":0,"fc":[0,0.569,1]},"t":36},{"s":{"s":36,"f":"ProductSans-Regular","t":"12%","j":2,"tr":0,"lh":43.2,"ls":0,"fc":[0,0.569,1]},"t":37},{"s":{"s":36,"f":"ProductSans-Regular","t":"13%","j":2,"tr":0,"lh":43.2,"ls":0,"fc":[0,0.569,1]},"t":38},{"s":{"s":36,"f":"ProductSans-Regular","t":"13%","j":2,"tr":0,"lh":43.2,"ls":0,"fc":[0,0.569,1]},"t":39},{"s":{"s":36,"f":"ProductSans-Regular","t":"13%","j":2,"tr":0,"lh":43.2,"ls":0,"fc":[0,0.569,1]},"t":40},{"s":{"s":36,"f":"ProductSans-Regular","t":"14%","j":2,"tr":0,"lh":43.2,"ls":0,"fc":[0,0.569,1]},"t":41},{"s":{"s":36,"f":"ProductSans-Regular","t":"14%","j":2,"tr":0,"lh":43.2,"ls":0,"fc":[0,0.569,1]},"t":42},{"s":{"s":36,"f":"ProductSans-Regular","t":"14%","j":2,"tr":0,"lh":43.2,"ls":0,"fc":[0,0.569,1]},"t":43},{"s":{"s":36,"f":"ProductSans-Regular","t":"15%","j":2,"tr":0,"lh":43.2,"ls":0,"fc":[0,0.569,1]},"t":44},{"s":{"s":36,"f":"ProductSans-Regular","t":"15%","j":2,"tr":0,"lh":43.2,"ls":0,"fc":[0,0.569,1]},"t":45},{"s":{"s":36,"f":"ProductSans-Regular","t":"15%","j":2,"tr":0,"lh":43.2,"ls":0,"fc":[0,0.569,1]},"t":46},{"s":{"s":36,"f":"ProductSans-Regular","t":"16%","j":2,"tr":0,"lh":43.2,"ls":0,"fc":[0,0.569,1]},"t":47},{"s":{"s":36,"f":"ProductSans-Regular","t":"16%","j":2,"tr":0,"lh":43.2,"ls":0,"fc":[0,0.569,1]},"t":48},{"s":{"s":36,"f":"ProductSans-Regular","t":"16%","j":2,"tr":0,"lh":43.2,"ls":0,"fc":[0,0.569,1]},"t":49},{"s":{"s":36,"f":"ProductSans-Regular","t":"17%","j":2,"tr":0,"lh":43.2,"ls":0,"fc":[0,0.569,1]},"t":50},{"s":{"s":36,"f":"ProductSans-Regular","t":"17%","j":2,"tr":0,"lh":43.2,"ls":0,"fc":[0,0.569,1]},"t":51},{"s":{"s":36,"f":"ProductSans-Regular","t":"17%","j":2,"tr":0,"lh":43.2,"ls":0,"fc":[0,0.569,1]},"t":52},{"s":{"s":36,"f":"ProductSans-Regular","t":"18%","j":2,"tr":0,"lh":43.2,"ls":0,"fc":[0,0.569,1]},"t":53},{"s":{"s":36,"f":"ProductSans-Regular","t":"18%","j":2,"tr":0,"lh":43.2,"ls":0,"fc":[0,0.569,1]},"t":54},{"s":{"s":36,"f":"ProductSans-Regular","t":"18%","j":2,"tr":0,"lh":43.2,"ls":0,"fc":[0,0.569,1]},"t":55},{"s":{"s":36,"f":"ProductSans-Regular","t":"19%","j":2,"tr":0,"lh":43.2,"ls":0,"fc":[0,0.569,1]},"t":56},{"s":{"s":36,"f":"ProductSans-Regular","t":"19%","j":2,"tr":0,"lh":43.2,"ls":0,"fc":[0,0.569,1]},"t":57},{"s":{"s":36,"f":"ProductSans-Regular","t":"19%","j":2,"tr":0,"lh":43.2,"ls":0,"fc":[0,0.569,1]},"t":58},{"s":{"s":36,"f":"ProductSans-Regular","t":"20%","j":2,"tr":0,"lh":43.2,"ls":0,"fc":[0,0.569,1]},"t":59},{"s":{"s":36,"f":"ProductSans-Regular","t":"20%","j":2,"tr":0,"lh":43.2,"ls":0,"fc":[0,0.569,1]},"t":60},{"s":{"s":36,"f":"ProductSans-Regular","t":"20%","j":2,"tr":0,"lh":43.2,"ls":0,"fc":[0,0.569,1]},"t":61},{"s":{"s":36,"f":"ProductSans-Regular","t":"21%","j":2,"tr":0,"lh":43.2,"ls":0,"fc":[0,0.569,1]},"t":62},{"s":{"s":36,"f":"ProductSans-Regular","t":"21%","j":2,"tr":0,"lh":43.2,"ls":0,"fc":[0,0.569,1]},"t":63},{"s":{"s":36,"f":"ProductSans-Regular","t":"21%","j":2,"tr":0,"lh":43.2,"ls":0,"fc":[0,0.569,1]},"t":64},{"s":{"s":36,"f":"ProductSans-Regular","t":"22%","j":2,"tr":0,"lh":43.2,"ls":0,"fc":[0,0.569,1]},"t":65},{"s":{"s":36,"f":"ProductSans-Regular","t":"22%","j":2,"tr":0,"lh":43.2,"ls":0,"fc":[0,0.569,1]},"t":66},{"s":{"s":36,"f":"ProductSans-Regular","t":"22%","j":2,"tr":0,"lh":43.2,"ls":0,"fc":[0,0.569,1]},"t":67},{"s":{"s":36,"f":"ProductSans-Regular","t":"23%","j":2,"tr":0,"lh":43.2,"ls":0,"fc":[0,0.569,1]},"t":68},{"s":{"s":36,"f":"ProductSans-Regular","t":"23%","j":2,"tr":0,"lh":43.2,"ls":0,"fc":[0,0.569,1]},"t":69},{"s":{"s":36,"f":"ProductSans-Regular","t":"23%","j":2,"tr":0,"lh":43.2,"ls":0,"fc":[0,0.569,1]},"t":70},{"s":{"s":36,"f":"ProductSans-Regular","t":"24%","j":2,"tr":0,"lh":43.2,"ls":0,"fc":[0,0.569,1]},"t":71},{"s":{"s":36,"f":"ProductSans-Regular","t":"24%","j":2,"tr":0,"lh":43.2,"ls":0,"fc":[0,0.569,1]},"t":72},{"s":{"s":36,"f":"ProductSans-Regular","t":"24%","j":2,"tr":0,"lh":43.2,"ls":0,"fc":[0,0.569,1]},"t":73},{"s":{"s":36,"f":"ProductSans-Regular","t":"25%","j":2,"tr":0,"lh":43.2,"ls":0,"fc":[0,0.569,1]},"t":74},{"s":{"s":36,"f":"ProductSans-Regular","t":"25%","j":2,"tr":0,"lh":43.2,"ls":0,"fc":[0,0.569,1]},"t":75},{"s":{"s":36,"f":"ProductSans-Regular","t":"25%","j":2,"tr":0,"lh":43.2,"ls":0,"fc":[0,0.569,1]},"t":76},{"s":{"s":36,"f":"ProductSans-Regular","t":"26%","j":2,"tr":0,"lh":43.2,"ls":0,"fc":[0,0.569,1]},"t":77},{"s":{"s":36,"f":"ProductSans-Regular","t":"26%","j":2,"tr":0,"lh":43.2,"ls":0,"fc":[0,0.569,1]},"t":78},{"s":{"s":36,"f":"ProductSans-Regular","t":"26%","j":2,"tr":0,"lh":43.2,"ls":0,"fc":[0,0.569,1]},"t":79},{"s":{"s":36,"f":"ProductSans-Regular","t":"27%","j":2,"tr":0,"lh":43.2,"ls":0,"fc":[0,0.569,1]},"t":80},{"s":{"s":36,"f":"ProductSans-Regular","t":"27%","j":2,"tr":0,"lh":43.2,"ls":0,"fc":[0,0.569,1]},"t":81},{"s":{"s":36,"f":"ProductSans-Regular","t":"27%","j":2,"tr":0,"lh":43.2,"ls":0,"fc":[0,0.569,1]},"t":82},{"s":{"s":36,"f":"ProductSans-Regular","t":"28%","j":2,"tr":0,"lh":43.2,"ls":0,"fc":[0,0.569,1]},"t":83},{"s":{"s":36,"f":"ProductSans-Regular","t":"28%","j":2,"tr":0,"lh":43.2,"ls":0,"fc":[0,0.569,1]},"t":84},{"s":{"s":36,"f":"ProductSans-Regular","t":"28%","j":2,"tr":0,"lh":43.2,"ls":0,"fc":[0,0.569,1]},"t":85},{"s":{"s":36,"f":"ProductSans-Regular","t":"29%","j":2,"tr":0,"lh":43.2,"ls":0,"fc":[0,0.569,1]},"t":86},{"s":{"s":36,"f":"ProductSans-Regular","t":"29%","j":2,"tr":0,"lh":43.2,"ls":0,"fc":[0,0.569,1]},"t":87},{"s":{"s":36,"f":"ProductSans-Regular","t":"29%","j":2,"tr":0,"lh":43.2,"ls":0,"fc":[0,0.569,1]},"t":88},{"s":{"s":36,"f":"ProductSans-Regular","t":"30%","j":2,"tr":0,"lh":43.2,"ls":0,"fc":[0,0.569,1]},"t":89},{"s":{"s":36,"f":"ProductSans-Regular","t":"30%","j":2,"tr":0,"lh":43.2,"ls":0,"fc":[0,0.569,1]},"t":90},{"s":{"s":36,"f":"ProductSans-Regular","t":"30%","j":2,"tr":0,"lh":43.2,"ls":0,"fc":[0,0.569,1]},"t":91},{"s":{"s":36,"f":"ProductSans-Regular","t":"31%","j":2,"tr":0,"lh":43.2,"ls":0,"fc":[0,0.569,1]},"t":92},{"s":{"s":36,"f":"ProductSans-Regular","t":"31%","j":2,"tr":0,"lh":43.2,"ls":0,"fc":[0,0.569,1]},"t":93},{"s":{"s":36,"f":"ProductSans-Regular","t":"31%","j":2,"tr":0,"lh":43.2,"ls":0,"fc":[0,0.569,1]},"t":94},{"s":{"s":36,"f":"ProductSans-Regular","t":"32%","j":2,"tr":0,"lh":43.2,"ls":0,"fc":[0,0.569,1]},"t":95},{"s":{"s":36,"f":"ProductSans-Regular","t":"32%","j":2,"tr":0,"lh":43.2,"ls":0,"fc":[0,0.569,1]},"t":96},{"s":{"s":36,"f":"ProductSans-Regular","t":"32%","j":2,"tr":0,"lh":43.2,"ls":0,"fc":[0,0.569,1]},"t":97},{"s":{"s":36,"f":"ProductSans-Regular","t":"33%","j":2,"tr":0,"lh":43.2,"ls":0,"fc":[0,0.569,1]},"t":98},{"s":{"s":36,"f":"ProductSans-Regular","t":"33%","j":2,"tr":0,"lh":43.2,"ls":0,"fc":[0,0.569,1]},"t":99},{"s":{"s":36,"f":"ProductSans-Regular","t":"33%","j":2,"tr":0,"lh":43.2,"ls":0,"fc":[0,0.569,1]},"t":100},{"s":{"s":36,"f":"ProductSans-Regular","t":"34%","j":2,"tr":0,"lh":43.2,"ls":0,"fc":[0,0.569,1]},"t":101},{"s":{"s":36,"f":"ProductSans-Regular","t":"34%","j":2,"tr":0,"lh":43.2,"ls":0,"fc":[0,0.569,1]},"t":102},{"s":{"s":36,"f":"ProductSans-Regular","t":"34%","j":2,"tr":0,"lh":43.2,"ls":0,"fc":[0,0.569,1]},"t":103},{"s":{"s":36,"f":"ProductSans-Regular","t":"35%","j":2,"tr":0,"lh":43.2,"ls":0,"fc":[0,0.569,1]},"t":104},{"s":{"s":36,"f":"ProductSans-Regular","t":"35%","j":2,"tr":0,"lh":43.2,"ls":0,"fc":[0,0.569,1]},"t":105},{"s":{"s":36,"f":"ProductSans-Regular","t":"35%","j":2,"tr":0,"lh":43.2,"ls":0,"fc":[0,0.569,1]},"t":106},{"s":{"s":36,"f":"ProductSans-Regular","t":"36%","j":2,"tr":0,"lh":43.2,"ls":0,"fc":[0,0.569,1]},"t":107},{"s":{"s":36,"f":"ProductSans-Regular","t":"36%","j":2,"tr":0,"lh":43.2,"ls":0,"fc":[0,0.569,1]},"t":108},{"s":{"s":36,"f":"ProductSans-Regular","t":"36%","j":2,"tr":0,"lh":43.2,"ls":0,"fc":[0,0.569,1]},"t":109},{"s":{"s":36,"f":"ProductSans-Regular","t":"37%","j":2,"tr":0,"lh":43.2,"ls":0,"fc":[0,0.569,1]},"t":110},{"s":{"s":36,"f":"ProductSans-Regular","t":"37%","j":2,"tr":0,"lh":43.2,"ls":0,"fc":[0,0.569,1]},"t":111},{"s":{"s":36,"f":"ProductSans-Regular","t":"37%","j":2,"tr":0,"lh":43.2,"ls":0,"fc":[0,0.569,1]},"t":112},{"s":{"s":36,"f":"ProductSans-Regular","t":"38%","j":2,"tr":0,"lh":43.2,"ls":0,"fc":[0,0.569,1]},"t":113},{"s":{"s":36,"f":"ProductSans-Regular","t":"38%","j":2,"tr":0,"lh":43.2,"ls":0,"fc":[0,0.569,1]},"t":114},{"s":{"s":36,"f":"ProductSans-Regular","t":"38%","j":2,"tr":0,"lh":43.2,"ls":0,"fc":[0,0.569,1]},"t":115},{"s":{"s":36,"f":"ProductSans-Regular","t":"39%","j":2,"tr":0,"lh":43.2,"ls":0,"fc":[0,0.569,1]},"t":116},{"s":{"s":36,"f":"ProductSans-Regular","t":"39%","j":2,"tr":0,"lh":43.2,"ls":0,"fc":[0,0.569,1]},"t":117},{"s":{"s":36,"f":"ProductSans-Regular","t":"39%","j":2,"tr":0,"lh":43.2,"ls":0,"fc":[0,0.569,1]},"t":118},{"s":{"s":36,"f":"ProductSans-Regular","t":"40%","j":2,"tr":0,"lh":43.2,"ls":0,"fc":[0,0.569,1]},"t":119},{"s":{"s":36,"f":"ProductSans-Regular","t":"40%","j":2,"tr":0,"lh":43.2,"ls":0,"fc":[0,0.569,1]},"t":120},{"s":{"s":36,"f":"ProductSans-Regular","t":"40%","j":2,"tr":0,"lh":43.2,"ls":0,"fc":[0,0.569,1]},"t":121},{"s":{"s":36,"f":"ProductSans-Regular","t":"41%","j":2,"tr":0,"lh":43.2,"ls":0,"fc":[0,0.569,1]},"t":122},{"s":{"s":36,"f":"ProductSans-Regular","t":"41%","j":2,"tr":0,"lh":43.2,"ls":0,"fc":[0,0.569,1]},"t":123},{"s":{"s":36,"f":"ProductSans-Regular","t":"41%","j":2,"tr":0,"lh":43.2,"ls":0,"fc":[0,0.569,1]},"t":124},{"s":{"s":36,"f":"ProductSans-Regular","t":"42%","j":2,"tr":0,"lh":43.2,"ls":0,"fc":[0,0.569,1]},"t":125},{"s":{"s":36,"f":"ProductSans-Regular","t":"42%","j":2,"tr":0,"lh":43.2,"ls":0,"fc":[0,0.569,1]},"t":126},{"s":{"s":36,"f":"ProductSans-Regular","t":"42%","j":2,"tr":0,"lh":43.2,"ls":0,"fc":[0,0.569,1]},"t":127},{"s":{"s":36,"f":"ProductSans-Regular","t":"43%","j":2,"tr":0,"lh":43.2,"ls":0,"fc":[0,0.569,1]},"t":128},{"s":{"s":36,"f":"ProductSans-Regular","t":"43%","j":2,"tr":0,"lh":43.2,"ls":0,"fc":[0,0.569,1]},"t":129},{"s":{"s":36,"f":"ProductSans-Regular","t":"43%","j":2,"tr":0,"lh":43.2,"ls":0,"fc":[0,0.569,1]},"t":130},{"s":{"s":36,"f":"ProductSans-Regular","t":"44%","j":2,"tr":0,"lh":43.2,"ls":0,"fc":[0,0.569,1]},"t":131},{"s":{"s":36,"f":"ProductSans-Regular","t":"44%","j":2,"tr":0,"lh":43.2,"ls":0,"fc":[0,0.569,1]},"t":132},{"s":{"s":36,"f":"ProductSans-Regular","t":"44%","j":2,"tr":0,"lh":43.2,"ls":0,"fc":[0,0.569,1]},"t":133},{"s":{"s":36,"f":"ProductSans-Regular","t":"45%","j":2,"tr":0,"lh":43.2,"ls":0,"fc":[0,0.569,1]},"t":134},{"s":{"s":36,"f":"ProductSans-Regular","t":"45%","j":2,"tr":0,"lh":43.2,"ls":0,"fc":[0,0.569,1]},"t":135},{"s":{"s":36,"f":"ProductSans-Regular","t":"45%","j":2,"tr":0,"lh":43.2,"ls":0,"fc":[0,0.569,1]},"t":136},{"s":{"s":36,"f":"ProductSans-Regular","t":"46%","j":2,"tr":0,"lh":43.2,"ls":0,"fc":[0,0.569,1]},"t":137},{"s":{"s":36,"f":"ProductSans-Regular","t":"46%","j":2,"tr":0,"lh":43.2,"ls":0,"fc":[0,0.569,1]},"t":138},{"s":{"s":36,"f":"ProductSans-Regular","t":"46%","j":2,"tr":0,"lh":43.2,"ls":0,"fc":[0,0.569,1]},"t":139},{"s":{"s":36,"f":"ProductSans-Regular","t":"47%","j":2,"tr":0,"lh":43.2,"ls":0,"fc":[0,0.569,1]},"t":140},{"s":{"s":36,"f":"ProductSans-Regular","t":"47%","j":2,"tr":0,"lh":43.2,"ls":0,"fc":[0,0.569,1]},"t":141},{"s":{"s":36,"f":"ProductSans-Regular","t":"47%","j":2,"tr":0,"lh":43.2,"ls":0,"fc":[0,0.569,1]},"t":142},{"s":{"s":36,"f":"ProductSans-Regular","t":"48%","j":2,"tr":0,"lh":43.2,"ls":0,"fc":[0,0.569,1]},"t":143},{"s":{"s":36,"f":"ProductSans-Regular","t":"48%","j":2,"tr":0,"lh":43.2,"ls":0,"fc":[0,0.569,1]},"t":144},{"s":{"s":36,"f":"ProductSans-Regular","t":"48%","j":2,"tr":0,"lh":43.2,"ls":0,"fc":[0,0.569,1]},"t":145},{"s":{"s":36,"f":"ProductSans-Regular","t":"49%","j":2,"tr":0,"lh":43.2,"ls":0,"fc":[0,0.569,1]},"t":146},{"s":{"s":36,"f":"ProductSans-Regular","t":"49%","j":2,"tr":0,"lh":43.2,"ls":0,"fc":[0,0.569,1]},"t":147},{"s":{"s":36,"f":"ProductSans-Regular","t":"49%","j":2,"tr":0,"lh":43.2,"ls":0,"fc":[0,0.569,1]},"t":148},{"s":{"s":36,"f":"ProductSans-Regular","t":"50%","j":2,"tr":0,"lh":43.2,"ls":0,"fc":[0,0.569,1]},"t":149},{"s":{"s":36,"f":"ProductSans-Regular","t":"50%","j":2,"tr":0,"lh":43.2,"ls":0,"fc":[0,0.569,1]},"t":150},{"s":{"s":36,"f":"ProductSans-Regular","t":"51%","j":2,"tr":0,"lh":43.2,"ls":0,"fc":[0,0.569,1]},"t":151},{"s":{"s":36,"f":"ProductSans-Regular","t":"51%","j":2,"tr":0,"lh":43.2,"ls":0,"fc":[0,0.569,1]},"t":152},{"s":{"s":36,"f":"ProductSans-Regular","t":"51%","j":2,"tr":0,"lh":43.2,"ls":0,"fc":[0,0.569,1]},"t":153},{"s":{"s":36,"f":"ProductSans-Regular","t":"52%","j":2,"tr":0,"lh":43.2,"ls":0,"fc":[0,0.569,1]},"t":154},{"s":{"s":36,"f":"ProductSans-Regular","t":"52%","j":2,"tr":0,"lh":43.2,"ls":0,"fc":[0,0.569,1]},"t":155},{"s":{"s":36,"f":"ProductSans-Regular","t":"52%","j":2,"tr":0,"lh":43.2,"ls":0,"fc":[0,0.569,1]},"t":156},{"s":{"s":36,"f":"ProductSans-Regular","t":"53%","j":2,"tr":0,"lh":43.2,"ls":0,"fc":[0,0.569,1]},"t":157},{"s":{"s":36,"f":"ProductSans-Regular","t":"53%","j":2,"tr":0,"lh":43.2,"ls":0,"fc":[0,0.569,1]},"t":158},{"s":{"s":36,"f":"ProductSans-Regular","t":"53%","j":2,"tr":0,"lh":43.2,"ls":0,"fc":[0,0.569,1]},"t":159},{"s":{"s":36,"f":"ProductSans-Regular","t":"54%","j":2,"tr":0,"lh":43.2,"ls":0,"fc":[0,0.569,1]},"t":160},{"s":{"s":36,"f":"ProductSans-Regular","t":"54%","j":2,"tr":0,"lh":43.2,"ls":0,"fc":[0,0.569,1]},"t":161},{"s":{"s":36,"f":"ProductSans-Regular","t":"54%","j":2,"tr":0,"lh":43.2,"ls":0,"fc":[0,0.569,1]},"t":162},{"s":{"s":36,"f":"ProductSans-Regular","t":"55%","j":2,"tr":0,"lh":43.2,"ls":0,"fc":[0,0.569,1]},"t":163},{"s":{"s":36,"f":"ProductSans-Regular","t":"55%","j":2,"tr":0,"lh":43.2,"ls":0,"fc":[0,0.569,1]},"t":164},{"s":{"s":36,"f":"ProductSans-Regular","t":"55%","j":2,"tr":0,"lh":43.2,"ls":0,"fc":[0,0.569,1]},"t":165},{"s":{"s":36,"f":"ProductSans-Regular","t":"56%","j":2,"tr":0,"lh":43.2,"ls":0,"fc":[0,0.569,1]},"t":166},{"s":{"s":36,"f":"ProductSans-Regular","t":"56%","j":2,"tr":0,"lh":43.2,"ls":0,"fc":[0,0.569,1]},"t":167},{"s":{"s":36,"f":"ProductSans-Regular","t":"56%","j":2,"tr":0,"lh":43.2,"ls":0,"fc":[0,0.569,1]},"t":168},{"s":{"s":36,"f":"ProductSans-Regular","t":"57%","j":2,"tr":0,"lh":43.2,"ls":0,"fc":[0,0.569,1]},"t":169},{"s":{"s":36,"f":"ProductSans-Regular","t":"57%","j":2,"tr":0,"lh":43.2,"ls":0,"fc":[0,0.569,1]},"t":170},{"s":{"s":36,"f":"ProductSans-Regular","t":"57%","j":2,"tr":0,"lh":43.2,"ls":0,"fc":[0,0.569,1]},"t":171},{"s":{"s":36,"f":"ProductSans-Regular","t":"58%","j":2,"tr":0,"lh":43.2,"ls":0,"fc":[0,0.569,1]},"t":172},{"s":{"s":36,"f":"ProductSans-Regular","t":"58%","j":2,"tr":0,"lh":43.2,"ls":0,"fc":[0,0.569,1]},"t":173},{"s":{"s":36,"f":"ProductSans-Regular","t":"58%","j":2,"tr":0,"lh":43.2,"ls":0,"fc":[0,0.569,1]},"t":174},{"s":{"s":36,"f":"ProductSans-Regular","t":"59%","j":2,"tr":0,"lh":43.2,"ls":0,"fc":[0,0.569,1]},"t":175},{"s":{"s":36,"f":"ProductSans-Regular","t":"59%","j":2,"tr":0,"lh":43.2,"ls":0,"fc":[0,0.569,1]},"t":176},{"s":{"s":36,"f":"ProductSans-Regular","t":"59%","j":2,"tr":0,"lh":43.2,"ls":0,"fc":[0,0.569,1]},"t":177},{"s":{"s":36,"f":"ProductSans-Regular","t":"60%","j":2,"tr":0,"lh":43.2,"ls":0,"fc":[0,0.569,1]},"t":178},{"s":{"s":36,"f":"ProductSans-Regular","t":"60%","j":2,"tr":0,"lh":43.2,"ls":0,"fc":[0,0.569,1]},"t":179},{"s":{"s":36,"f":"ProductSans-Regular","t":"60%","j":2,"tr":0,"lh":43.2,"ls":0,"fc":[0,0.569,1]},"t":180},{"s":{"s":36,"f":"ProductSans-Regular","t":"61%","j":2,"tr":0,"lh":43.2,"ls":0,"fc":[0,0.569,1]},"t":181},{"s":{"s":36,"f":"ProductSans-Regular","t":"61%","j":2,"tr":0,"lh":43.2,"ls":0,"fc":[0,0.569,1]},"t":182},{"s":{"s":36,"f":"ProductSans-Regular","t":"61%","j":2,"tr":0,"lh":43.2,"ls":0,"fc":[0,0.569,1]},"t":183},{"s":{"s":36,"f":"ProductSans-Regular","t":"62%","j":2,"tr":0,"lh":43.2,"ls":0,"fc":[0,0.569,1]},"t":184},{"s":{"s":36,"f":"ProductSans-Regular","t":"62%","j":2,"tr":0,"lh":43.2,"ls":0,"fc":[0,0.569,1]},"t":185},{"s":{"s":36,"f":"ProductSans-Regular","t":"62%","j":2,"tr":0,"lh":43.2,"ls":0,"fc":[0,0.569,1]},"t":186},{"s":{"s":36,"f":"ProductSans-Regular","t":"63%","j":2,"tr":0,"lh":43.2,"ls":0,"fc":[0,0.569,1]},"t":187},{"s":{"s":36,"f":"ProductSans-Regular","t":"63%","j":2,"tr":0,"lh":43.2,"ls":0,"fc":[0,0.569,1]},"t":188},{"s":{"s":36,"f":"ProductSans-Regular","t":"63%","j":2,"tr":0,"lh":43.2,"ls":0,"fc":[0,0.569,1]},"t":189},{"s":{"s":36,"f":"ProductSans-Regular","t":"64%","j":2,"tr":0,"lh":43.2,"ls":0,"fc":[0,0.569,1]},"t":190},{"s":{"s":36,"f":"ProductSans-Regular","t":"64%","j":2,"tr":0,"lh":43.2,"ls":0,"fc":[0,0.569,1]},"t":191},{"s":{"s":36,"f":"ProductSans-Regular","t":"64%","j":2,"tr":0,"lh":43.2,"ls":0,"fc":[0,0.569,1]},"t":192},{"s":{"s":36,"f":"ProductSans-Regular","t":"65%","j":2,"tr":0,"lh":43.2,"ls":0,"fc":[0,0.569,1]},"t":193},{"s":{"s":36,"f":"ProductSans-Regular","t":"65%","j":2,"tr":0,"lh":43.2,"ls":0,"fc":[0,0.569,1]},"t":194},{"s":{"s":36,"f":"ProductSans-Regular","t":"65%","j":2,"tr":0,"lh":43.2,"ls":0,"fc":[0,0.569,1]},"t":195},{"s":{"s":36,"f":"ProductSans-Regular","t":"66%","j":2,"tr":0,"lh":43.2,"ls":0,"fc":[0,0.569,1]},"t":196},{"s":{"s":36,"f":"ProductSans-Regular","t":"66%","j":2,"tr":0,"lh":43.2,"ls":0,"fc":[0,0.569,1]},"t":197},{"s":{"s":36,"f":"ProductSans-Regular","t":"66%","j":2,"tr":0,"lh":43.2,"ls":0,"fc":[0,0.569,1]},"t":198},{"s":{"s":36,"f":"ProductSans-Regular","t":"67%","j":2,"tr":0,"lh":43.2,"ls":0,"fc":[0,0.569,1]},"t":199},{"s":{"s":36,"f":"ProductSans-Regular","t":"67%","j":2,"tr":0,"lh":43.2,"ls":0,"fc":[0,0.569,1]},"t":200},{"s":{"s":36,"f":"ProductSans-Regular","t":"67%","j":2,"tr":0,"lh":43.2,"ls":0,"fc":[0,0.569,1]},"t":201},{"s":{"s":36,"f":"ProductSans-Regular","t":"68%","j":2,"tr":0,"lh":43.2,"ls":0,"fc":[0,0.569,1]},"t":202},{"s":{"s":36,"f":"ProductSans-Regular","t":"68%","j":2,"tr":0,"lh":43.2,"ls":0,"fc":[0,0.569,1]},"t":203},{"s":{"s":36,"f":"ProductSans-Regular","t":"68%","j":2,"tr":0,"lh":43.2,"ls":0,"fc":[0,0.569,1]},"t":204},{"s":{"s":36,"f":"ProductSans-Regular","t":"69%","j":2,"tr":0,"lh":43.2,"ls":0,"fc":[0,0.569,1]},"t":205},{"s":{"s":36,"f":"ProductSans-Regular","t":"69%","j":2,"tr":0,"lh":43.2,"ls":0,"fc":[0,0.569,1]},"t":206},{"s":{"s":36,"f":"ProductSans-Regular","t":"69%","j":2,"tr":0,"lh":43.2,"ls":0,"fc":[0,0.569,1]},"t":207},{"s":{"s":36,"f":"ProductSans-Regular","t":"70%","j":2,"tr":0,"lh":43.2,"ls":0,"fc":[0,0.569,1]},"t":208},{"s":{"s":36,"f":"ProductSans-Regular","t":"70%","j":2,"tr":0,"lh":43.2,"ls":0,"fc":[0,0.569,1]},"t":209},{"s":{"s":36,"f":"ProductSans-Regular","t":"70%","j":2,"tr":0,"lh":43.2,"ls":0,"fc":[0,0.569,1]},"t":210},{"s":{"s":36,"f":"ProductSans-Regular","t":"71%","j":2,"tr":0,"lh":43.2,"ls":0,"fc":[0,0.569,1]},"t":211},{"s":{"s":36,"f":"ProductSans-Regular","t":"71%","j":2,"tr":0,"lh":43.2,"ls":0,"fc":[0,0.569,1]},"t":212},{"s":{"s":36,"f":"ProductSans-Regular","t":"71%","j":2,"tr":0,"lh":43.2,"ls":0,"fc":[0,0.569,1]},"t":213},{"s":{"s":36,"f":"ProductSans-Regular","t":"72%","j":2,"tr":0,"lh":43.2,"ls":0,"fc":[0,0.569,1]},"t":214},{"s":{"s":36,"f":"ProductSans-Regular","t":"72%","j":2,"tr":0,"lh":43.2,"ls":0,"fc":[0,0.569,1]},"t":215},{"s":{"s":36,"f":"ProductSans-Regular","t":"72%","j":2,"tr":0,"lh":43.2,"ls":0,"fc":[0,0.569,1]},"t":216},{"s":{"s":36,"f":"ProductSans-Regular","t":"73%","j":2,"tr":0,"lh":43.2,"ls":0,"fc":[0,0.569,1]},"t":217},{"s":{"s":36,"f":"ProductSans-Regular","t":"73%","j":2,"tr":0,"lh":43.2,"ls":0,"fc":[0,0.569,1]},"t":218},{"s":{"s":36,"f":"ProductSans-Regular","t":"73%","j":2,"tr":0,"lh":43.2,"ls":0,"fc":[0,0.569,1]},"t":219},{"s":{"s":36,"f":"ProductSans-Regular","t":"74%","j":2,"tr":0,"lh":43.2,"ls":0,"fc":[0,0.569,1]},"t":220},{"s":{"s":36,"f":"ProductSans-Regular","t":"74%","j":2,"tr":0,"lh":43.2,"ls":0,"fc":[0,0.569,1]},"t":221},{"s":{"s":36,"f":"ProductSans-Regular","t":"74%","j":2,"tr":0,"lh":43.2,"ls":0,"fc":[0,0.569,1]},"t":222},{"s":{"s":36,"f":"ProductSans-Regular","t":"75%","j":2,"tr":0,"lh":43.2,"ls":0,"fc":[0,0.569,1]},"t":223},{"s":{"s":36,"f":"ProductSans-Regular","t":"75%","j":2,"tr":0,"lh":43.2,"ls":0,"fc":[0,0.569,1]},"t":224},{"s":{"s":36,"f":"ProductSans-Regular","t":"75%","j":2,"tr":0,"lh":43.2,"ls":0,"fc":[0,0.569,1]},"t":225},{"s":{"s":36,"f":"ProductSans-Regular","t":"76%","j":2,"tr":0,"lh":43.2,"ls":0,"fc":[0,0.569,1]},"t":226},{"s":{"s":36,"f":"ProductSans-Regular","t":"76%","j":2,"tr":0,"lh":43.2,"ls":0,"fc":[0,0.569,1]},"t":227},{"s":{"s":36,"f":"ProductSans-Regular","t":"76%","j":2,"tr":0,"lh":43.2,"ls":0,"fc":[0,0.569,1]},"t":228},{"s":{"s":36,"f":"ProductSans-Regular","t":"77%","j":2,"tr":0,"lh":43.2,"ls":0,"fc":[0,0.569,1]},"t":229},{"s":{"s":36,"f":"ProductSans-Regular","t":"77%","j":2,"tr":0,"lh":43.2,"ls":0,"fc":[0,0.569,1]},"t":230},{"s":{"s":36,"f":"ProductSans-Regular","t":"77%","j":2,"tr":0,"lh":43.2,"ls":0,"fc":[0,0.569,1]},"t":231},{"s":{"s":36,"f":"ProductSans-Regular","t":"78%","j":2,"tr":0,"lh":43.2,"ls":0,"fc":[0,0.569,1]},"t":232},{"s":{"s":36,"f":"ProductSans-Regular","t":"78%","j":2,"tr":0,"lh":43.2,"ls":0,"fc":[0,0.569,1]},"t":233},{"s":{"s":36,"f":"ProductSans-Regular","t":"78%","j":2,"tr":0,"lh":43.2,"ls":0,"fc":[0,0.569,1]},"t":234},{"s":{"s":36,"f":"ProductSans-Regular","t":"79%","j":2,"tr":0,"lh":43.2,"ls":0,"fc":[0,0.569,1]},"t":235},{"s":{"s":36,"f":"ProductSans-Regular","t":"79%","j":2,"tr":0,"lh":43.2,"ls":0,"fc":[0,0.569,1]},"t":236},{"s":{"s":36,"f":"ProductSans-Regular","t":"79%","j":2,"tr":0,"lh":43.2,"ls":0,"fc":[0,0.569,1]},"t":237},{"s":{"s":36,"f":"ProductSans-Regular","t":"80%","j":2,"tr":0,"lh":43.2,"ls":0,"fc":[0,0.569,1]},"t":238},{"s":{"s":36,"f":"ProductSans-Regular","t":"80%","j":2,"tr":0,"lh":43.2,"ls":0,"fc":[0,0.569,1]},"t":239},{"s":{"s":36,"f":"ProductSans-Regular","t":"80%","j":2,"tr":0,"lh":43.2,"ls":0,"fc":[0,0.569,1]},"t":240},{"s":{"s":36,"f":"ProductSans-Regular","t":"81%","j":2,"tr":0,"lh":43.2,"ls":0,"fc":[0,0.569,1]},"t":241},{"s":{"s":36,"f":"ProductSans-Regular","t":"81%","j":2,"tr":0,"lh":43.2,"ls":0,"fc":[0,0.569,1]},"t":242},{"s":{"s":36,"f":"ProductSans-Regular","t":"81%","j":2,"tr":0,"lh":43.2,"ls":0,"fc":[0,0.569,1]},"t":243},{"s":{"s":36,"f":"ProductSans-Regular","t":"82%","j":2,"tr":0,"lh":43.2,"ls":0,"fc":[0,0.569,1]},"t":244},{"s":{"s":36,"f":"ProductSans-Regular","t":"82%","j":2,"tr":0,"lh":43.2,"ls":0,"fc":[0,0.569,1]},"t":245},{"s":{"s":36,"f":"ProductSans-Regular","t":"82%","j":2,"tr":0,"lh":43.2,"ls":0,"fc":[0,0.569,1]},"t":246},{"s":{"s":36,"f":"ProductSans-Regular","t":"83%","j":2,"tr":0,"lh":43.2,"ls":0,"fc":[0,0.569,1]},"t":247},{"s":{"s":36,"f":"ProductSans-Regular","t":"83%","j":2,"tr":0,"lh":43.2,"ls":0,"fc":[0,0.569,1]},"t":248},{"s":{"s":36,"f":"ProductSans-Regular","t":"83%","j":2,"tr":0,"lh":43.2,"ls":0,"fc":[0,0.569,1]},"t":249},{"s":{"s":36,"f":"ProductSans-Regular","t":"84%","j":2,"tr":0,"lh":43.2,"ls":0,"fc":[0,0.569,1]},"t":250},{"s":{"s":36,"f":"ProductSans-Regular","t":"84%","j":2,"tr":0,"lh":43.2,"ls":0,"fc":[0,0.569,1]},"t":251},{"s":{"s":36,"f":"ProductSans-Regular","t":"84%","j":2,"tr":0,"lh":43.2,"ls":0,"fc":[0,0.569,1]},"t":252},{"s":{"s":36,"f":"ProductSans-Regular","t":"85%","j":2,"tr":0,"lh":43.2,"ls":0,"fc":[0,0.569,1]},"t":253},{"s":{"s":36,"f":"ProductSans-Regular","t":"85%","j":2,"tr":0,"lh":43.2,"ls":0,"fc":[0,0.569,1]},"t":254},{"s":{"s":36,"f":"ProductSans-Regular","t":"85%","j":2,"tr":0,"lh":43.2,"ls":0,"fc":[0,0.569,1]},"t":255},{"s":{"s":36,"f":"ProductSans-Regular","t":"86%","j":2,"tr":0,"lh":43.2,"ls":0,"fc":[0,0.569,1]},"t":256},{"s":{"s":36,"f":"ProductSans-Regular","t":"86%","j":2,"tr":0,"lh":43.2,"ls":0,"fc":[0,0.569,1]},"t":257},{"s":{"s":36,"f":"ProductSans-Regular","t":"86%","j":2,"tr":0,"lh":43.2,"ls":0,"fc":[0,0.569,1]},"t":258},{"s":{"s":36,"f":"ProductSans-Regular","t":"87%","j":2,"tr":0,"lh":43.2,"ls":0,"fc":[0,0.569,1]},"t":259},{"s":{"s":36,"f":"ProductSans-Regular","t":"87%","j":2,"tr":0,"lh":43.2,"ls":0,"fc":[0,0.569,1]},"t":260},{"s":{"s":36,"f":"ProductSans-Regular","t":"87%","j":2,"tr":0,"lh":43.2,"ls":0,"fc":[0,0.569,1]},"t":261},{"s":{"s":36,"f":"ProductSans-Regular","t":"88%","j":2,"tr":0,"lh":43.2,"ls":0,"fc":[0,0.569,1]},"t":262},{"s":{"s":36,"f":"ProductSans-Regular","t":"88%","j":2,"tr":0,"lh":43.2,"ls":0,"fc":[0,0.569,1]},"t":263},{"s":{"s":36,"f":"ProductSans-Regular","t":"88%","j":2,"tr":0,"lh":43.2,"ls":0,"fc":[0,0.569,1]},"t":264},{"s":{"s":36,"f":"ProductSans-Regular","t":"89%","j":2,"tr":0,"lh":43.2,"ls":0,"fc":[0,0.569,1]},"t":265},{"s":{"s":36,"f":"ProductSans-Regular","t":"89%","j":2,"tr":0,"lh":43.2,"ls":0,"fc":[0,0.569,1]},"t":266},{"s":{"s":36,"f":"ProductSans-Regular","t":"89%","j":2,"tr":0,"lh":43.2,"ls":0,"fc":[0,0.569,1]},"t":267},{"s":{"s":36,"f":"ProductSans-Regular","t":"90%","j":2,"tr":0,"lh":43.2,"ls":0,"fc":[0,0.569,1]},"t":268},{"s":{"s":36,"f":"ProductSans-Regular","t":"90%","j":2,"tr":0,"lh":43.2,"ls":0,"fc":[0,0.569,1]},"t":269},{"s":{"s":36,"f":"ProductSans-Regular","t":"90%","j":2,"tr":0,"lh":43.2,"ls":0,"fc":[0,0.569,1]},"t":270},{"s":{"s":36,"f":"ProductSans-Regular","t":"91%","j":2,"tr":0,"lh":43.2,"ls":0,"fc":[0,0.569,1]},"t":271},{"s":{"s":36,"f":"ProductSans-Regular","t":"91%","j":2,"tr":0,"lh":43.2,"ls":0,"fc":[0,0.569,1]},"t":272},{"s":{"s":36,"f":"ProductSans-Regular","t":"91%","j":2,"tr":0,"lh":43.2,"ls":0,"fc":[0,0.569,1]},"t":273},{"s":{"s":36,"f":"ProductSans-Regular","t":"92%","j":2,"tr":0,"lh":43.2,"ls":0,"fc":[0,0.569,1]},"t":274},{"s":{"s":36,"f":"ProductSans-Regular","t":"92%","j":2,"tr":0,"lh":43.2,"ls":0,"fc":[0,0.569,1]},"t":275},{"s":{"s":36,"f":"ProductSans-Regular","t":"92%","j":2,"tr":0,"lh":43.2,"ls":0,"fc":[0,0.569,1]},"t":276},{"s":{"s":36,"f":"ProductSans-Regular","t":"93%","j":2,"tr":0,"lh":43.2,"ls":0,"fc":[0,0.569,1]},"t":277},{"s":{"s":36,"f":"ProductSans-Regular","t":"93%","j":2,"tr":0,"lh":43.2,"ls":0,"fc":[0,0.569,1]},"t":278},{"s":{"s":36,"f":"ProductSans-Regular","t":"93%","j":2,"tr":0,"lh":43.2,"ls":0,"fc":[0,0.569,1]},"t":279},{"s":{"s":36,"f":"ProductSans-Regular","t":"94%","j":2,"tr":0,"lh":43.2,"ls":0,"fc":[0,0.569,1]},"t":280},{"s":{"s":36,"f":"ProductSans-Regular","t":"94%","j":2,"tr":0,"lh":43.2,"ls":0,"fc":[0,0.569,1]},"t":281},{"s":{"s":36,"f":"ProductSans-Regular","t":"94%","j":2,"tr":0,"lh":43.2,"ls":0,"fc":[0,0.569,1]},"t":282},{"s":{"s":36,"f":"ProductSans-Regular","t":"95%","j":2,"tr":0,"lh":43.2,"ls":0,"fc":[0,0.569,1]},"t":283},{"s":{"s":36,"f":"ProductSans-Regular","t":"95%","j":2,"tr":0,"lh":43.2,"ls":0,"fc":[0,0.569,1]},"t":284},{"s":{"s":36,"f":"ProductSans-Regular","t":"95%","j":2,"tr":0,"lh":43.2,"ls":0,"fc":[0,0.569,1]},"t":285},{"s":{"s":36,"f":"ProductSans-Regular","t":"96%","j":2,"tr":0,"lh":43.2,"ls":0,"fc":[0,0.569,1]},"t":286},{"s":{"s":36,"f":"ProductSans-Regular","t":"96%","j":2,"tr":0,"lh":43.2,"ls":0,"fc":[0,0.569,1]},"t":287},{"s":{"s":36,"f":"ProductSans-Regular","t":"96%","j":2,"tr":0,"lh":43.2,"ls":0,"fc":[0,0.569,1]},"t":288},{"s":{"s":36,"f":"ProductSans-Regular","t":"97%","j":2,"tr":0,"lh":43.2,"ls":0,"fc":[0,0.569,1]},"t":289},{"s":{"s":36,"f":"ProductSans-Regular","t":"97%","j":2,"tr":0,"lh":43.2,"ls":0,"fc":[0,0.569,1]},"t":290},{"s":{"s":36,"f":"ProductSans-Regular","t":"97%","j":2,"tr":0,"lh":43.2,"ls":0,"fc":[0,0.569,1]},"t":291},{"s":{"s":36,"f":"ProductSans-Regular","t":"98%","j":2,"tr":0,"lh":43.2,"ls":0,"fc":[0,0.569,1]},"t":292},{"s":{"s":36,"f":"ProductSans-Regular","t":"98%","j":2,"tr":0,"lh":43.2,"ls":0,"fc":[0,0.569,1]},"t":293},{"s":{"s":36,"f":"ProductSans-Regular","t":"98%","j":2,"tr":0,"lh":43.2,"ls":0,"fc":[0,0.569,1]},"t":294},{"s":{"s":36,"f":"ProductSans-Regular","t":"99%","j":2,"tr":0,"lh":43.2,"ls":0,"fc":[0,0.569,1]},"t":295},{"s":{"s":36,"f":"ProductSans-Regular","t":"99%","j":2,"tr":0,"lh":43.2,"ls":0,"fc":[0,0.569,1]},"t":296},{"s":{"s":36,"f":"ProductSans-Regular","t":"99%","j":2,"tr":0,"lh":43.2,"ls":0,"fc":[0,0.569,1]},"t":297},{"s":{"s":36,"f":"ProductSans-Regular","t":"100%","j":2,"tr":0,"lh":43.2,"ls":0,"fc":[0,0.569,1]},"t":298},{"s":{"s":36,"f":"ProductSans-Regular","t":"100%","j":2,"tr":0,"lh":43.2,"ls":0,"fc":[0,0.569,1]},"t":299}]},"p":{},"m":{"g":1,"a":{"a":0,"k":[0,0],"ix":2}},"a":[]},"ip":0,"op":300,"st":0,"bm":0},{"ddd":0,"ind":2,"ty":3,"nm":"Counter","sr":1,"ks":{"o":{"a":0,"k":0,"ix":11},"r":{"a":0,"k":0,"ix":10},"p":{"a":0,"k":[94.25,74.25,0],"ix":2},"a":{"a":0,"k":[0,0,0],"ix":1},"s":{"a":0,"k":[100,100,100],"ix":6}},"ao":0,"ef":[{"ty":5,"nm":"Slider Control","np":3,"mn":"ADBE Slider Control","ix":1,"en":1,"ef":[{"ty":0,"nm":"Slider","mn":"ADBE Slider Control-0001","ix":1,"v":{"a":1,"k":[{"i":{"x":[0.833],"y":[0.833]},"o":{"x":[0.167],"y":[0.167]},"t":0,"s":[0]},{"t":299,"s":[100]}],"ix":1}}]}],"ip":0,"op":300,"st":0,"bm":0},{"ddd":0,"ind":3,"ty":4,"nm":"Shape Layer 2","sr":1,"ks":{"o":{"a":0,"k":100,"ix":11},"r":{"a":0,"k":0,"ix":10},"p":{"a":0,"k":[80,80,0],"ix":2},"a":{"a":0,"k":[0,0,0],"ix":1},"s":{"a":0,"k":[100,100,100],"ix":6}},"ao":0,"shapes":[{"d":1,"ty":"el","s":{"a":0,"k":[152,152],"ix":2},"p":{"a":0,"k":[0,0],"ix":3},"nm":"Ellipse Path 1","mn":"ADBE Vector Shape - Ellipse","hd":false},{"ty":"tm","s":{"a":0,"k":0,"ix":1},"e":{"a":1,"k":[{"i":{"x":[0.833],"y":[0.833]},"o":{"x":[0.167],"y":[0.167]},"t":0,"s":[0]},{"t":299,"s":[100]}],"ix":2,"x":"var $bm_rt;\n$bm_rt = thisComp.layer('Counter').effect('Slider Control')('Slider');"},"o":{"a":0,"k":0,"ix":3},"m":1,"ix":2,"nm":"Trim Paths 1","mn":"ADBE Vector Filter - Trim","hd":false},{"ty":"st","c":{"a":0,"k":[0,0.5450980392156862,0.8431372549019608,1],"ix":3},"o":{"a":0,"k":100,"ix":4},"w":{"a":0,"k":8,"ix":5},"lc":2,"lj":1,"ml":4,"bm":0,"nm":"Stroke 1","mn":"ADBE Vector Graphic - Stroke","hd":false}],"ip":0,"op":300,"st":0,"bm":0},{"ddd":0,"ind":4,"ty":4,"nm":"Shape Layer 1","sr":1,"ks":{"o":{"a":0,"k":100,"ix":11},"r":{"a":0,"k":0,"ix":10},"p":{"a":0,"k":[80,80,0],"ix":2},"a":{"a":0,"k":[0,0,0],"ix":1},"s":{"a":0,"k":[100,100,100],"ix":6}},"ao":0,"shapes":[{"d":1,"ty":"el","s":{"a":0,"k":[152,152],"ix":2},"p":{"a":0,"k":[0,0],"ix":3},"nm":"Ellipse Path 1","mn":"ADBE Vector Shape - Ellipse","hd":false},{"ty":"st","c":{"a":0,"k":[0.9411764705882353,0.9411764705882353,0.9411764705882353,1],"ix":3},"o":{"a":0,"k":100,"ix":4},"w":{"a":0,"k":8,"ix":5},"lc":1,"lj":1,"ml":4,"bm":0,"nm":"Stroke 1","mn":"ADBE Vector Graphic - Stroke","hd":false}],"ip":0,"op":300,"st":0,"bm":0}],"markers":[],"chars":[{"ch":"0","size":36,"style":"Regular","w":63.8,"data":{"shapes":[{"ty":"gr","it":[{"ind":0,"ty":"sh","ix":1,"ks":{"a":0,"k":{"i":[[-5.134,-6.866],[-8.067,0],[-5.134,6.734],[0,10.267],[5.133,6.734],[8.066,0],[5.133,-6.733],[0,-10.4]],"o":[[5.133,6.734],[8.066,0],[5.133,-6.866],[0,-10.333],[-5.134,-6.8],[-8.067,0],[-5.134,6.734],[0,10.267]],"v":[[12.1,-8.5],[31.9,1.6],[51.7,-8.5],[59.4,-34.2],[51.7,-59.8],[31.9,-70],[12.1,-59.9],[4.4,-34.2]],"c":true},"ix":2},"nm":"0","mn":"ADBE Vector Shape - Group","hd":false},{"ind":1,"ty":"sh","ix":2,"ks":{"a":0,"k":{"i":[[3.333,-5.133],[5.466,0],[3.266,5],[0,7.867],[-3.334,5.067],[-5.467,0],[-3.267,-5.066],[0,-7.866]],"o":[[-3.267,5.067],[-5.467,0],[-3.334,-5.133],[0,-7.866],[3.266,-5.066],[5.466,0],[3.333,5.067],[0,7.8]],"v":[[45,-14.8],[31.9,-7.2],[18.8,-14.7],[13.8,-34.2],[18.8,-53.6],[31.9,-61.2],[45,-53.6],[50,-34.2]],"c":true},"ix":2},"nm":"0","mn":"ADBE Vector Shape - Group","hd":false}],"nm":"0","np":5,"cix":2,"bm":0,"ix":1,"mn":"ADBE Vector Group","hd":false}]},"fFamily":"Product Sans"},{"ch":"%","size":36,"style":"Regular","w":81.4,"data":{"shapes":[{"ty":"gr","it":[{"ind":0,"ty":"sh","ix":1,"ks":{"a":0,"k":{"i":[[3.4,3.334],[4.666,0],[3.4,-3.4],[0,-4.666],[-3.334,-3.466],[-4.6,0],[-3.334,3.334],[0,4.667]],"o":[[-3.334,-3.4],[-4.667,0],[-3.334,3.334],[0,4.6],[3.466,3.334],[4.666,0],[3.4,-3.4],[0,-4.666]],"v":[[32.3,-64.9],[20.3,-70],[8.2,-64.9],[3.2,-52.9],[8.2,-40.8],[20.3,-35.8],[32.3,-40.8],[37.4,-52.9]],"c":true},"ix":2},"nm":"%","mn":"ADBE Vector Shape - Group","hd":false},{"ind":1,"ty":"sh","ix":2,"ks":{"a":0,"k":{"i":[[0,0],[0,0],[0,0],[0,0]],"o":[[0,0],[0,0],[0,0],[0,0]],"v":[[60.1,-69.2],[15.6,-2.9],[21.3,0.8],[65.7,-65.4]],"c":true},"ix":2},"nm":"%","mn":"ADBE Vector Shape - Group","hd":false},{"ind":2,"ty":"sh","ix":3,"ks":{"a":0,"k":{"i":[[1.833,-1.966],[2.8,0],[1.866,2],[0,3],[-1.867,1.934],[-2.734,0],[-1.834,-1.966],[0,-3]],"o":[[-1.834,1.967],[-2.734,0],[-1.867,-1.933],[0,-3],[1.866,-2],[2.8,0],[1.833,1.967],[0,3]],"v":[[27.25,-45.45],[20.3,-42.5],[13.4,-45.5],[10.6,-52.9],[13.4,-60.3],[20.3,-63.3],[27.25,-60.35],[30,-52.9]],"c":true},"ix":2},"nm":"%","mn":"ADBE Vector Shape - Group","hd":false},{"ind":3,"ty":"sh","ix":4,"ks":{"a":0,"k":{"i":[[3.4,3.334],[4.666,0],[3.4,-3.4],[0,-4.666],[-3.334,-3.466],[-4.6,0],[-3.334,3.334],[0,4.667]],"o":[[-3.334,-3.4],[-4.667,0],[-3.334,3.334],[0,4.6],[3.466,3.334],[4.666,0],[3.4,-3.4],[0,-4.666]],"v":[[73.1,-27.5],[61.1,-32.6],[49,-27.5],[44,-15.5],[49,-3.4],[61.1,1.6],[73.1,-3.4],[78.2,-15.5]],"c":true},"ix":2},"nm":"%","mn":"ADBE Vector Shape - Group","hd":false},{"ind":4,"ty":"sh","ix":5,"ks":{"a":0,"k":{"i":[[1.833,-1.966],[2.8,0],[1.866,2],[0,3],[-1.867,1.934],[-2.734,0],[-1.834,-1.966],[0,-3]],"o":[[-1.834,1.967],[-2.734,0],[-1.867,-1.933],[0,-3],[1.866,-2],[2.8,0],[1.833,1.967],[0,3]],"v":[[68.05,-8.05],[61.1,-5.1],[54.2,-8.1],[51.4,-15.5],[54.2,-22.9],[61.1,-25.9],[68.05,-22.95],[70.8,-15.5]],"c":true},"ix":2},"nm":"%","mn":"ADBE Vector Shape - Group","hd":false}],"nm":"%","np":8,"cix":2,"bm":0,"ix":1,"mn":"ADBE Vector Group","hd":false}]},"fFamily":"Product Sans"},{"ch":"1","size":36,"style":"Regular","w":38.4,"data":{"shapes":[{"ty":"gr","it":[{"ind":0,"ty":"sh","ix":1,"ks":{"a":0,"k":{"i":[[0,0],[0,0],[0,0],[0,0],[0,0],[0,0],[0,0]],"o":[[0,0],[0,0],[0,0],[0,0],[0,0],[0,0],[0,0]],"v":[[24.1,-68.4],[4,-59],[7.5,-51.2],[20.8,-57],[20.8,0],[30,0],[30,-68.4]],"c":true},"ix":2},"nm":"1","mn":"ADBE Vector Shape - Group","hd":false}],"nm":"1","np":3,"cix":2,"bm":0,"ix":1,"mn":"ADBE Vector Group","hd":false}]},"fFamily":"Product Sans"},{"ch":"2","size":36,"style":"Regular","w":52,"data":{"shapes":[{"ty":"gr","it":[{"ind":0,"ty":"sh","ix":1,"ks":{"a":0,"k":{"i":[[0,0],[0,0],[0,6.6],[4.133,3.8],[6.2,0],[3.8,-2.9],[1.333,-4.2],[0,0],[-2.267,1.867],[-3.134,0],[-2.334,-2.133],[0,-3],[2.266,-3.033],[5.933,-6.066],[0,0],[0,0],[0,0],[0,0]],"o":[[0,0],[7.266,-7.666],[0,-5.533],[-4.134,-3.8],[-5.134,0],[-3.8,2.9],[0,0],[0.666,-2.666],[2.266,-1.866],[3.666,0],[2.333,2.134],[0,3.334],[-2.267,3.034],[0,0],[0,0],[0,0],[0,0],[0,0]],"v":[[15.9,-8.8],[35.9,-28.9],[46.8,-50.3],[40.6,-64.3],[25.1,-70],[11.7,-65.65],[4,-55],[12.4,-51.6],[16.8,-58.4],[24.9,-61.2],[33.9,-58],[37.4,-50.3],[34,-40.75],[21.7,-27.1],[4,-9.2],[4,0],[47.6,0],[47.6,-8.8]],"c":true},"ix":2},"nm":"2","mn":"ADBE Vector Shape - Group","hd":false}],"nm":"2","np":3,"cix":2,"bm":0,"ix":1,"mn":"ADBE Vector Group","hd":false}]},"fFamily":"Product Sans"},{"ch":"3","size":36,"style":"Regular","w":53.1,"data":{"shapes":[{"ty":"gr","it":[{"ind":0,"ty":"sh","ix":1,"ks":{"a":0,"k":{"i":[[2.033,2.934],[3.6,1.534],[0,0],[0,6.6],[4.066,3.467],[6.066,0],[3.6,-2.6],[1.533,-4.2],[0,0],[-5.8,0],[-2.2,-1.866],[0,-3],[2.333,-2.033],[3.666,0],[0,0],[0,0],[0,0],[-2.734,-2.333],[0,-3.4],[2.666,-2.4],[3.733,0],[2.433,2.034],[1.066,3.8],[0,0],[-4.2,-3.2],[-5.134,0],[-4.4,4],[0,6]],"o":[[-2.034,-2.933],[0,0],[6.133,-3.2],[0,-5.533],[-4.134,-3.6],[-4.867,0],[-3.6,2.6],[0,0],[2.133,-5.933],[3.6,0],[2.2,1.867],[0,3.267],[-2.334,2.034],[0,0],[0,0],[0,0],[3.866,0],[2.8,2.334],[0,3.4],[-2.734,2.334],[-3.4,0],[-2.434,-2.033],[0,0],[1.466,5.134],[4.133,3.066],[6.533,0],[4.466,-4],[0,-3.666]],"v":[[46.05,-29.3],[37.6,-36],[37.6,-36.4],[46.8,-51.1],[40.7,-64.6],[25.4,-70],[12.7,-66.1],[5,-55.9],[13.5,-52.3],[25.4,-61.2],[34.1,-58.4],[37.4,-51.1],[33.9,-43.15],[24.9,-40.1],[19.7,-40.1],[19.7,-31.5],[25.6,-31.5],[35.5,-28],[39.7,-19.4],[35.7,-10.7],[26,-7.2],[17.25,-10.25],[12,-19],[3.6,-15.5],[12.1,-3],[26,1.6],[42.4,-4.4],[49.1,-19.4]],"c":true},"ix":2},"nm":"3","mn":"ADBE Vector Shape - Group","hd":false}],"nm":"3","np":3,"cix":2,"bm":0,"ix":1,"mn":"ADBE Vector Group","hd":false}]},"fFamily":"Product Sans"},{"ch":"4","size":36,"style":"Regular","w":58.9,"data":{"shapes":[{"ty":"gr","it":[{"ind":0,"ty":"sh","ix":1,"ks":{"a":0,"k":{"i":[[0,0],[0,0],[0,0],[0,0],[0,0],[0,0],[0,0],[0,0],[0,0],[0,0],[0,0]],"o":[[0,0],[0,0],[0,0],[0,0],[0,0],[0,0],[0,0],[0,0],[0,0],[0,0],[0,0]],"v":[[54.5,-14.4],[54.5,-23],[45.7,-23],[45.7,-68.4],[35.7,-68.4],[4,-21.4],[4,-14.4],[36.5,-14.4],[36.5,0],[45.7,0],[45.7,-14.4]],"c":true},"ix":2},"nm":"4","mn":"ADBE Vector Shape - Group","hd":false},{"ind":1,"ty":"sh","ix":2,"ks":{"a":0,"k":{"i":[[0,0],[0,0],[0,0],[0,0]],"o":[[0,0],[0,0],[0,0],[0,0]],"v":[[36.1,-54.9],[36.5,-54.9],[36.5,-23],[14.4,-23]],"c":true},"ix":2},"nm":"4","mn":"ADBE Vector Shape - Group","hd":false}],"nm":"4","np":5,"cix":2,"bm":0,"ix":1,"mn":"ADBE Vector Group","hd":false}]},"fFamily":"Product Sans"},{"ch":"5","size":36,"style":"Regular","w":55.5,"data":{"shapes":[{"ty":"gr","it":[{"ind":0,"ty":"sh","ix":1,"ks":{"a":0,"k":{"i":[[4.3,4.334],[6.133,0],[3.4,-2.733],[0,0],[0,0],[0,0],[0,0],[0,0],[0,0],[0,0],[-4.867,0],[-2.7,-2.666],[0,-4.2],[2.7,-2.633],[4.266,0],[2.633,2.334],[1,4],[0,0],[-4.334,-3.333],[-5.334,0],[-4.534,4.4],[0,6.534]],"o":[[-4.3,-4.333],[-4.867,0],[0,0],[0,0],[0,0],[0,0],[0,0],[0,0],[0,0],[2.8,-3.933],[4.2,0],[2.7,2.667],[0,4.134],[-2.7,2.634],[-3.534,0],[-2.634,-2.333],[0,0],[1.4,5.667],[4.333,3.334],[6.666,0],[4.533,-4.4],[0,-6.4]],"v":[[44.25,-37.5],[28.6,-44],[16.2,-39.9],[15.8,-40],[18.3,-59.6],[46.5,-59.6],[46.5,-68.4],[10.6,-68.4],[6.2,-33.7],[15.5,-29.7],[27,-35.6],[37.35,-31.6],[41.4,-21.3],[37.35,-11.15],[26.9,-7.2],[17.65,-10.7],[12.2,-20.2],[4,-16.9],[12.6,-3.4],[27.1,1.6],[43.9,-5],[50.7,-21.4]],"c":true},"ix":2},"nm":"5","mn":"ADBE Vector Shape - Group","hd":false}],"nm":"5","np":3,"cix":2,"bm":0,"ix":1,"mn":"ADBE Vector Group","hd":false}]},"fFamily":"Product Sans"},{"ch":"6","size":36,"style":"Regular","w":54.9,"data":{"shapes":[{"ty":"gr","it":[{"ind":0,"ty":"sh","ix":1,"ks":{"a":0,"k":{"i":[[2.066,-1.4],[0,0],[0,0],[0,0],[0,0],[0,-5.533],[-4.534,-4.533],[-6.6,0],[-4.734,4.534],[0,6.134],[4.4,4.334],[5.533,0]],"o":[[0,0],[0,0],[0,0],[0,0],[-4.467,7.067],[0,6.2],[4.533,4.534],[6.2,0],[4.666,-4.6],[0,-6],[-4.334,-4.4],[-3.4,0]],"v":[[21.3,-41.3],[21.1,-41.5],[38,-64.9],[30.6,-70],[10.7,-40.2],[4,-21.3],[10.8,-5.2],[27.5,1.6],[43.9,-5.2],[50.9,-21.3],[44.3,-36.8],[29.5,-43.4]],"c":true},"ix":2},"nm":"6","mn":"ADBE Vector Shape - Group","hd":false},{"ind":1,"ty":"sh","ix":2,"ks":{"a":0,"k":{"i":[[-2.8,2.734],[-3.8,0],[-2.734,-2.733],[0,-3.866],[2.733,-2.733],[4,0],[2.733,2.667],[0,3.934]],"o":[[2.866,-2.733],[3.866,0],[2.8,2.734],[0,3.934],[-2.667,2.667],[-4,0],[-2.734,-2.733],[0,-3.866]],"v":[[17.5,-31.1],[27.5,-35.2],[37.4,-31.1],[41.6,-21.2],[37.5,-11.2],[27.5,-7.2],[17.4,-11.2],[13.3,-21.2]],"c":true},"ix":2},"nm":"6","mn":"ADBE Vector Shape - Group","hd":false}],"nm":"6","np":5,"cix":2,"bm":0,"ix":1,"mn":"ADBE Vector Group","hd":false}]},"fFamily":"Product Sans"},{"ch":"7","size":36,"style":"Regular","w":52.3,"data":{"shapes":[{"ty":"gr","it":[{"ind":0,"ty":"sh","ix":1,"ks":{"a":0,"k":{"i":[[0,0],[0,0],[0,0],[0,0],[0,0],[0,0],[0,0]],"o":[[0,0],[0,0],[0,0],[0,0],[0,0],[0,0],[0,0]],"v":[[48.3,-68.4],[4.2,-68.4],[4,-59.6],[38.6,-59.6],[6.9,-2.6],[15.1,1.6],[48.3,-59]],"c":true},"ix":2},"nm":"7","mn":"ADBE Vector Shape - Group","hd":false}],"nm":"7","np":3,"cix":2,"bm":0,"ix":1,"mn":"ADBE Vector Group","hd":false}]},"fFamily":"Product Sans"},{"ch":"8","size":36,"style":"Regular","w":54.4,"data":{"shapes":[{"ty":"gr","it":[{"ind":0,"ty":"sh","ix":1,"ks":{"a":0,"k":{"i":[[1.933,2.967],[3.6,1.734],[0,0],[-1.634,2.534],[0,2.8],[3.933,3.734],[6.133,0],[3.866,-3.666],[0,-5.533],[-1.634,-2.533],[-2.667,-1.733],[0,0],[1.933,-2.966],[0,-3.6],[-4.467,-3.866],[-6.467,0],[-4.534,3.934],[0,5.867]],"o":[[-1.934,-2.966],[0,0],[2.666,-1.733],[1.633,-2.533],[0,-5.533],[-3.867,-3.666],[-6.134,0],[-3.934,3.734],[0,2.8],[1.633,2.534],[0,0],[-3.6,1.734],[-1.934,2.967],[0,5.867],[4.533,3.934],[6.466,0],[4.466,-3.866],[0,-3.6]],"v":[[47.5,-28.75],[39.2,-35.8],[39.2,-36.2],[45.65,-42.6],[48.1,-50.6],[42.2,-64.5],[27.2,-70],[12.2,-64.5],[6.3,-50.6],[8.75,-42.6],[15.2,-36.2],[15.2,-35.8],[6.9,-28.75],[4,-18.9],[10.7,-4.3],[27.2,1.6],[43.7,-4.3],[50.4,-18.9]],"c":true},"ix":2},"nm":"8","mn":"ADBE Vector Shape - Group","hd":false},{"ind":1,"ty":"sh","ix":2,"ks":{"a":0,"k":{"i":[[-2.134,1.867],[-3.4,0],[-2.134,-1.866],[0,-3.2],[2.133,-1.966],[3.4,0],[2.133,1.967],[0,3.2]],"o":[[2.133,-1.866],[3.4,0],[2.133,1.867],[0,3.2],[-2.134,1.967],[-3.4,0],[-2.134,-1.966],[0,-3.2]],"v":[[18.9,-58.4],[27.2,-61.2],[35.5,-58.4],[38.7,-50.8],[35.5,-43.05],[27.2,-40.1],[18.9,-43.05],[15.7,-50.8]],"c":true},"ix":2},"nm":"8","mn":"ADBE Vector Shape - Group","hd":false},{"ind":2,"ty":"sh","ix":3,"ks":{"a":0,"k":{"i":[[-2.6,2.334],[-3.867,0],[-2.667,-2.333],[0,-3.466],[0.7,-1.466],[1.233,-1.1],[1.666,-0.6],[2,0],[1.666,0.6],[1.233,1.1],[0.7,1.467],[0,1.8]],"o":[[2.733,-2.333],[3.866,0],[2.666,2.267],[0,1.8],[-0.7,1.467],[-1.234,1.1],[-1.667,0.6],[-2,0],[-1.667,-0.6],[-1.234,-1.1],[-0.7,-1.466],[0,-3.4]],"v":[[17.3,-28],[27.2,-31.5],[37,-28],[41,-19.4],[39.95,-14.5],[37.05,-10.65],[32.7,-8.1],[27.2,-7.2],[21.7,-8.1],[17.35,-10.65],[14.45,-14.5],[13.4,-19.4]],"c":true},"ix":2},"nm":"8","mn":"ADBE Vector Shape - Group","hd":false}],"nm":"8","np":6,"cix":2,"bm":0,"ix":1,"mn":"ADBE Vector Group","hd":false}]},"fFamily":"Product Sans"},{"ch":"9","size":36,"style":"Regular","w":54.9,"data":{"shapes":[{"ty":"gr","it":[{"ind":0,"ty":"sh","ix":1,"ks":{"a":0,"k":{"i":[[-2.134,1.4],[0,0],[0,0],[0,0],[0,0],[0,5.534],[4.533,4.534],[6.6,0],[4.666,-4.6],[0,-6.2],[-4.334,-4.466],[-5.467,0]],"o":[[0,0],[0,0],[0,0],[0,0],[4.466,-7.066],[0,-6.2],[-4.534,-4.533],[-6.267,0],[-4.667,4.467],[0,5.934],[4.466,4.334],[3.333,0]],"v":[[33.6,-27.1],[33.8,-26.9],[16.9,-3.5],[24.3,1.6],[44.2,-28.2],[50.9,-47.1],[44.1,-63.2],[27.4,-70],[11,-63.1],[4,-47.1],[10.5,-31.5],[25.4,-25]],"c":true},"ix":2},"nm":"9","mn":"ADBE Vector Shape - Group","hd":false},{"ind":1,"ty":"sh","ix":2,"ks":{"a":0,"k":{"i":[[2.8,-2.666],[3.8,0],[2.866,2.734],[0,3.867],[-2.734,2.734],[-3.934,0],[-2.734,-2.733],[0,-3.866]],"o":[[-2.867,2.734],[-3.8,0],[-2.734,-2.733],[0,-3.866],[2.733,-2.733],[3.933,0],[2.8,2.734],[0,3.934]],"v":[[37.4,-37.3],[27.4,-33.2],[17.4,-37.3],[13.3,-47.2],[17.4,-57.1],[27.4,-61.2],[37.4,-57.1],[41.6,-47.2]],"c":true},"ix":2},"nm":"9","mn":"ADBE Vector Shape - Group","hd":false}],"nm":"9","np":5,"cix":2,"bm":0,"ix":1,"mn":"ADBE Vector Group","hd":false}]},"fFamily":"Product Sans"}]}