<?xml version="1.0" encoding="utf-8"?>
<Window>
    <VListBox class="menu">       
        <!-- 在菜单中插入普通控件，实现特定功能 -->
        <HBox class="menu_split_box" height="36" width="256">
            <Label class="menu_text" textid="MULTI_LANG_SELECT_LANGUAGE" textpadding="0,0,6,0"/>     
        </HBox>
        
        <!-- 菜单项之间的分割线 -->
        <Box class="menu_split_box">
            <Control class="menu_split_line" />
        </Box>
        
        <!-- 带勾选项的菜单项 
        <MenuItem class="menu_element" name="menu_lang_chinese" width="180">
            <CheckBox class="menu_checkbox" name="checkbox_lang_chinese" text="中文(简体)" margin="0,5,0,10" selected="true"/>
        </MenuItem>
        <MenuItem class="menu_element" name="menu_lang_english" width="180">
            <CheckBox class="menu_checkbox" name="checkbox_lang_english" text="English" margin="0,5,0,10" selected="false"/>
        </MenuItem>
        -->
  </VListBox>
</Window>