<?xml version="1.0" encoding="UTF-8"?>
<Window text_id="MULTI_LANG_WINDOW_TEXT" size="600,400" mininfo="80,50" use_system_caption="false" caption="0,0,0,36" shadow_attached="true" layered_window="true" sizebox="4,4,4,4">
    <Class name="btn_language" normal_image="file='language.svg' width='14' height='14' valign='center' halign='center'" hot_color="AliceBlue" pushed_color="Lavender"/>
    <VBox bkcolor="bk_wnd_darkcolor" visible="true">    
        <!-- 标题栏区域 -->
        <HBox name="window_caption_bar" width="stretch" height="36" bkcolor="bk_wnd_lightcolor">
            <Label text_id="MULTI_LANG_WINDOW_TEXT" height="32" width="stretch" margin="8,2,0,2" text_align="vcenter,left"/>
            <Control width="40"/>
            <Button class="btn_language" height="32" width="40" name="language" margin="0,2,0,2" tooltip_textid="MULTI_LANG_SELECT_LANGUAGE"/>
            <Button class="btn_wnd_min_11" height="32" width="40" name="minbtn" margin="0,2,0,2" tooltip_textid="MULTI_LANG_SELECT_WINDOW_MIN"/>
            <Box height="stretch" width="40" margin="0,2,0,2">
                <Button class="btn_wnd_max_11" height="32" width="stretch" name="maxbtn" tooltip_textid="MULTI_LANG_SELECT_WINDOW_MAX"/>
                <Button class="btn_wnd_restore_11" height="32" width="stretch" name="restorebtn" visible="false" tooltip_textid="MULTI_LANG_SELECT_WINDOW_RESTORE"/>
            </Box>
            <Button class="btn_wnd_close_11" height="stretch" width="40" name="closebtn" margin="0,0,0,2" tooltip_textid="MULTI_LANG_SELECT_WINDOW_CLOSE"/>
        </HBox>
        
        <!-- 工作区域，除了标题栏外的内容都放在这个大的Box区域 -->
        <Box>
            <VBox margin="0,0,0,0" valign="center" halign="center">
                <Label text_id="LANGUAGE_DISPLAY_NAME" height="20%" width="100%" text_align="hcenter,vcenter" bkcolor="AntiqueWhite"/>
                <Label text_id="MULTI_LANG_LABEL_TEXT" height="20%" width="100%" text_align="hcenter,vcenter" bkcolor="LightCyan"/>
                <RichText trim_policy="none" text_id="MULTI_LANG_RICH_TEXT" height="20%" width="100%" text_align="hcenter,vcenter" bkcolor="NavajoWhite"/>
            </VBox>
        </Box>
    </VBox>
</Window>
