<?xml version="1.0" encoding="UTF-8"?>
<Window>
    <Class name="list_box_item_test" hotcolor="bk_listitem_hovered" pushedcolor="bk_listitem_selected" selectednormalcolor="bk_listitem_selected" fadehot="false"/>
    <Class name="list_box_item_checkbox_font14" height="20" textpadding="20,0,0,0" font="system_14" normaltextcolor="darkcolor" normalimage="file='../public/CheckBox/check_no.png' padding='2,0,0,0' valign='center'" disabledimage="file='../public/CheckBox/check_no.png' padding='2,0,0,0' valign='center' fade='80'" selectednormalimage="file='../public/CheckBox/check_yes.png' padding='2,0,0,0' valign='center'" selecteddisabledimage="file='../public/CheckBox/check_yes.png' padding='2,0,0,0' valign='center' fade='80'"/>
    <ListBoxItem class="list_box_item_test list_box_item_checkbox_font14" height="auto">
        <HBox height="auto" mouse="false" padding="18,5,10,5">
            <Control name="control_img" width="auto" height="auto" margin="0,0,10" mouse="false"/>
            <VBox margin="0,3,0,5" mouse="false">
                <HBox height="auto" mouse="false">
                    <Label name="label_title" width="stretch" mouse="false"/>
                    <Button class="btn_recycle" name="btn_del" width="auto" height="auto"/>
                </HBox>
                <Control height="stretch" mouse="false"/>
                <Progress class="progress_blue" name="progress" value="30" mouse="false"/>
            </VBox>
        </HBox>
    </ListBoxItem>
</Window>