<?xml version="1.0" encoding="UTF-8"?>
<Window>
    <Class name="list_box_item_test" 
                hot_color="bk_listitem_hovered" 
                pushed_color="bk_listitem_selected" 
                selected_normal_color="bk_listitem_selected" 
                fade_hot="false"/>
    <Class name="list_box_item_checkbox_1" height="20" text_padding="20,0,0,0" font="system_14" 
                normal_image="file='public/CheckBox/checkbox-outline-unchecked.svg' padding='2,0,0,0' valign='center'" 
                disabled_image="file='public/CheckBox/checkbox-outline-unchecked.svg' padding='2,0,0,0' valign='center' fade='80'" 
                selected_normal_image="file='public/CheckBox/checkbox-outline-checked.svg' padding='2,0,0,0' valign='center'" 
                selected_disabled_image="file='public/CheckBox/checkbox-outline-checked.svg' padding='2,0,0,0' valign='center' fade='80'"/>
    <ListBoxItem class="list_box_item_test list_box_item_checkbox_1" height="auto">
        <HBox height="auto" mouse="false" padding="18,5,10,5">
            <Control name="control_img" width="auto" height="auto" margin="0,0,10" mouse="false"/>
            <VBox margin="0,3,0,5" mouse="false">
                <HBox height="auto" mouse="false">
                    <Label name="label_title" width="stretch" mouse="false"/>
                    <Button class="btn_recycle" name="btn_del" width="auto" height="auto" tooltip_text="删除" margin="0,0,4,0"/>
                </HBox>
                <Control height="stretch" mouse="false"/>
                <Progress class="progress_horizontal_blue" name="progress" value="30" mouse="false"/>
            </VBox>
        </HBox>
    </ListBoxItem>
</Window>