<?xml version="1.0" encoding="UTF-8"?>
<Window size="540,720" caption="0,0,0,36" use_system_caption="false" shadow_attached="true" layered_window="true" size_box="4,4,4,4">
    <VBox bkcolor="bk_wnd_darkcolor">
        <HBox name="window_caption_bar" width="stretch" height="36" bkcolor="bk_wnd_lightcolor">
            <Label text="列表（VTileListBox | HTileListBox | VListBox | HListBox）" font="system_14" valign="center" margin="8" width="stretch" mouse="false"/>
            <HBox width="auto">
                <Button class="btn_wnd_min_11" height="32" width="40" name="minbtn" margin="0,2,0,2" tooltip_text="最小化"/>
                <Box height="stretch" width="40" margin="0,2,0,2">
                    <Button class="btn_wnd_max_11" height="32" width="stretch" name="maxbtn" tooltip_text="最大化"/>
                    <Button class="btn_wnd_restore_11" height="32" width="stretch" name="restorebtn" visible="false" tooltip_text="还原"/>
                </Box>
                <Button class="btn_wnd_close_11" height="stretch" width="40" name="closebtn" margin="0,0,0,2" tooltip_text="关闭"/>
            </HBox>
        </HBox>
        <Box>
            <VListBox bkcolor="bk_wnd_lightcolor" vscrollbar="true" hscrollbar="true" multi_select="false" scroll_select="false" name="list"/>
        </Box>
    </VBox>
</Window>