<?xml version="1.0" encoding="UTF-8"?>
<Window size="60%,80%" mininfo="80,50" use_system_caption="false" snap_layout_menu="true" sys_menu="true" sys_menu_rect="0,0,36,36" caption="0,0,0,36" shadow_attached="true" layered_window="true" sizebox="4,4,4,4">
    <VBox bkcolor="bk_wnd_darkcolor" visible="true">    
        <!-- 标题栏区域 -->
        <HBox name="window_caption_bar" width="stretch" height="36" bkcolor="bk_wnd_lightcolor">
            <Control />
            <Button class="btn_wnd_fullscreen_11" height="32" width="40" name="fullscreenbtn" margin="0,2,0,2" tooltip_text="全屏，按ESC键可退出全屏"/>
            <Button class="btn_wnd_min_11" height="32" width="40" name="minbtn" margin="0,2,0,2" tooltip_text="最小化"/>
            <Box height="stretch" width="40" margin="0,2,0,2">
                <Button class="btn_wnd_max_11" height="32" width="stretch" name="maxbtn" tooltip_text="最大化"/>
                <Button class="btn_wnd_restore_11" height="32" width="stretch" name="restorebtn" visible="false" tooltip_text="还原"/>
            </Box>
            <Button class="btn_wnd_close_11" height="stretch" width="40" name="closebtn" margin="0,0,0,2" tooltip_text="关闭"/>
        </HBox>
        
        <!-- 工作区域，除了标题栏外的内容都放在这个大的Box区域 -->
        <Box>
            <VBox margin="0,0,0,0" valign="center" halign="center">
                <Label name="tooltip" text="这是一个简单的nim_duilib窗口，带有标题栏和常规按钮。" height="100%" width="100%" text_align="hcenter,vcenter"/>        
            </VBox>
        </Box>
    </VBox>
</Window>
