<?xml version="1.0" encoding="UTF-8"?>
<Window size="800,600" caption="0,0,0,35" shadow_attached="true" layered_window="false">
  <VBox bkcolor="bk_wnd_darkcolor">
    <HBox name="window_caption_bar" width="stretch" height="35" bkcolor="bk_wnd_lightcolor">
      <Control />
      <Button name="btn_dev_tool" width="auto" height="auto" valign="center" tooltiptext="开发者工具" bkimage="btn_dev_tool.png" margin="4"/>
      <Button class="btn_wnd_min" name="minbtn" margin="4,6,0,0"/>
      <Box width="21" margin="4,6,0,0">
        <Button class="btn_wnd_max" name="maxbtn"/>
        <Button class="btn_wnd_restore" name="restorebtn" visible="false"/>
      </Box>
      <Button class="btn_wnd_close" name="closebtn" margin="4,6,8,0"/>
    </HBox>
    <HBox height="auto">
      <Button class="btn_global_blue_80x30" name="btn_back" text="后退" width="60"/>
      <Button class="btn_global_blue_80x30" name="btn_forward" text="前进" width="60" margin="5,0,5"/>
      <RichEdit class="simple prompt input" name="edit_url" width="stretch" height="28" valign="center" text_padding="5,5,5,5" prompttext="请输入网址"/>
      <Button class="btn_global_blue_80x30" name="btn_navigate" text="转到" width="60" margin="5"/>
      <Button class="btn_global_blue_80x30" name="btn_refresh" text="刷新" width="60" margin="5"/>
    </HBox>
    <CefControl name="cef_control"/>
    <CefControl name="cef_control_dev"/>
  </VBox>
</Window>