<?xml version="1.0" encoding="UTF-8"?>
<Window size="85%,85%" min_size="80,50" use_system_caption="true" caption="0,0,0,36" shadow_attached="true" layered_window="true" size_box="4,4,4,4">
    <VBox bkcolor="bk_wnd_darkcolor" visible="true">    
        <!-- 标题栏区域 -->
        <HBox name="window_caption_bar" width="stretch" height="36" bkcolor="bk_wnd_lightcolor">
            <Control mouse_enabled="false"/>
            <Button class="btn_wnd_fullscreen_11" height="32" width="40" name="fullscreenbtn" margin="0,2,0,2" tooltip_text="全屏，按ESC键可退出全屏"/>
            <Button class="btn_wnd_min_11" height="32" width="40" name="minbtn" margin="0,2,0,2" tooltip_text="最小化"/>
            <Box height="stretch" width="40" margin="0,2,0,2">
                <Button class="btn_wnd_max_11" height="32" width="stretch" name="maxbtn" tooltip_text="最大化"/>
                <Button class="btn_wnd_restore_11" height="32" width="stretch" name="restorebtn" visible="false" tooltip_text="还原"/>
            </Box>
            <Button class="btn_wnd_close_11" height="stretch" width="40" name="closebtn" margin="0,0,0,2" tooltip_text="关闭"/>
        </HBox>
        
        <!-- 工作区域，除了标题栏外的内容都放在这个大的Box区域 -->
        <VBox>
            <HBox height="auto">
                <Label text="表格类型：" valign="center" margin="2,0,2,0"/>
                <Combo class="combo" name="list_ctrl_type_combo" combo_type="drop_list" dropbox_size="0,300" combo_icon_class="" height="26" width="80" margin="0,0,0,1" valign="center">
                    <TreeNode class="tree_node" padding="4" text="Report" user_dataid="0"/>
                    <TreeNode class="tree_node" padding="4" text="Icon" user_dataid="1"/>
                    <TreeNode class="tree_node" padding="4" text="List" user_dataid="2"/>
                </Combo>
                <CheckBox class="checkbox_1" name="checkbox_multi_select" text="支持多选" margin="4,0,0,0" valign="center">
                    <Event type="select" receiver="list_ctrl" applyattribute="multi_select={true}" />
                    <Event type="unselect" receiver="list_ctrl" applyattribute="multi_select={false}" />
                </CheckBox>
            </HBox>
            <HBox height="auto">                
                <GroupVBox name="report_group" height="auto" width="770" text="Report类型">
                    <HBox minheight="18" bkcolor="bk_wnd_darkcolor" height="auto" margin="4,18,4,0">
                        <Label text="表头控制：" valign="center" margin="2,0,2,0"/>
                        <Option class="option_2" group="show" selected="false" width="64" height="32" text="隐藏" padding="2,2,2,2" borderround="2,2" valign="center">
                            <Event type="select" receiver="list_ctrl" applyattribute="show_header={false}" />
                        </Option>
                        <Option class="option_2" group="show" selected="true" width="64" height="32" text="显示" padding="2,2,2,2" borderround="2,2" valign="center">
                            <Event type="select" receiver="list_ctrl" applyattribute="show_header={true}" />
                        </Option>
                        <Line vertical="true" margin="0,8,4,8" width="2"/>
                        <Label text="拖动表头调序：" valign="center" margin="2,0,2,0"/>
                        <Option class="option_2" group="drag_order" selected="false" width="64" height="32" text="禁止" padding="2,2,2,2" borderround="2,2" valign="center">
                            <Event type="select" receiver="list_ctrl" applyattribute="enable_header_drag_order={false}" />
                        </Option>
                        <Option class="option_2" group="drag_order" selected="true" width="64" height="32" text="允许" padding="2,2,2,2" borderround="2,2" valign="center">
                            <Event type="select" receiver="list_ctrl" applyattribute="enable_header_drag_order={true}" />
                        </Option>
                        <Line vertical="true" margin="0,8,4,8" width="2"/>
                        <Label text="表头高度：" valign="center" margin="2,0,2,0"/>
                        <RichEdit class="simple simple_border rich_edit_spin" name="header_height_edit" min_number="0" max_number="512" limit_text="3" text="0" margin="0,2,0,0"/>
                        <Button class="btn_global_color_gray" name="set_column_stretch" text="按比例设置各列宽度" width="auto" height="30" border_round="3,3" text_padding="8,0,8,0" margin="4,0,0,0"/>
                    </HBox>
                    
                    <HBox minheight="18" bkcolor="bk_wnd_darkcolor" height="auto" margin="4,0,4,0">
                        <Label text="列的控制：" valign="center" margin="2,0,2,0"/>                
                        <Combo class="combo" name="column_combo" combo_type="drop_list" dropbox_size="0,300" combo_icon_class="" height="26" width="80" margin="0,0,0,1" valign="center"/>              
                        <Line vertical="true" margin="8,4,4,4" width="2"/>
                        <CheckBox class="checkbox_1" name="checkbox_column_show" text="显示该列" margin="4,0,0,0" valign="center"/>
                        <CheckBox class="checkbox_1" name="checkbox_column_width" text="可调整列宽" margin="4,0,0,0" valign="center"/>
                        <CheckBox class="checkbox_1" name="checkbox_column_sort" text="可排序" margin="4,0,0,0" valign="center"/>
                        <CheckBox class="checkbox_1" name="checkbox_column_icon_at_top" text="排序图标在上方" margin="4,0,0,0" valign="center"/>
                        <CheckBox class="checkbox_1" name="checkbox_column_drag_order" text="可拖动调序" margin="4,0,0,0" valign="center"/>
                        <CheckBox class="checkbox_1" name="checkbox_column_editable" text="可编辑文本" margin="4,0,0,0" valign="center"/>
                    </HBox>
                    <HBox minheight="18" bkcolor="bk_wnd_darkcolor" height="auto" margin="4,0,4,0">
                        <Control width="153"/>
                        <Line vertical="true" margin="8,2,4,2" width="2"/>
                        <Label text="列级CheckBox：" valign="center" margin="2,0,2,0" tooltip_text="每一列的表头和表格可以显示CheckBox"/>
                        <CheckBox class="checkbox_1" name="checkbox_column_show_header_checkbox" text="在表头显示" margin="4,0,0,0" valign="center"/>
                        <CheckBox class="checkbox_1" name="checkbox_column_show_checkbox" text="在每列显示" margin="4,0,0,0" valign="center"/>
                        <Line vertical="true" margin="8,2,4,2" width="2"/>
                        <Label text="列级图标：" valign="center" margin="2,0,2,0" tooltip_text="每一列的表头和表格可以显示图标"/>
                        <CheckBox class="checkbox_1" name="checkbox_column_show_header_icon" text="在表头显示" margin="4,0,0,0" valign="center"/>
                        <CheckBox class="checkbox_1" name="checkbox_column_show_icon" text="在每列显示" margin="4,0,0,0" valign="center"/>
                    </HBox>
                    <HBox minheight="18" bkcolor="bk_wnd_darkcolor" height="auto" margin="4,0,4,0">
                        <Control width="153"/>
                        <Line vertical="true" margin="8,8,4,8" width="2"/>
                        <Label text="表头文本：" valign="center" margin="6,0,2,0"/>
                        <Option class="option_2" name="header_text_align_left" group="header_text_align" selected="false" width="64" height="32" text="靠左" padding="2,2,2,2" borderround="2,2" valign="center"/>
                        <Option class="option_2" name="header_text_align_center" group="header_text_align" selected="true" width="64" height="32" text="居中" padding="2,2,2,2" borderround="2,2" valign="center"/>
                        <Option class="option_2" name="header_text_align_right" group="header_text_align" selected="false" width="64" height="32" text="靠右" padding="2,2,2,2" borderround="2,2" valign="center"/>
                        <Line vertical="true" margin="8,8,4,8" width="2"/>
                        <Label text="表格文本：" valign="center" margin="6,0,2,0"/>
                        <Option class="option_2" name="column_text_align_left" group="column_text_align" selected="true" width="64" height="32" text="靠左" padding="2,2,2,2" borderround="2,2" valign="center"/>
                        <Option class="option_2" name="column_text_align_center" group="column_text_align" selected="false" width="64" height="32" text="居中" padding="2,2,2,2" borderround="2,2" valign="center"/>
                        <Option class="option_2" name="column_text_align_right" group="column_text_align" selected="false" width="64" height="32" text="靠右" padding="2,2,2,2" borderround="2,2" valign="center"/>
                    </HBox>
                                
                    <HBox minheight="18" bkcolor="bk_wnd_darkcolor" height="auto" margin="4,0,4,0">
                        <Label text="表格属性：" valign="center" margin="2,0,2,0"/>
                        <Label text="横向网格：" valign="center" margin="2,0,2,0"/>
                        <Option class="option_2" group="grid_line_row" selected="false" width="64" height="32" text="隐藏" padding="2,2,2,2" borderround="2,2" valign="center">
                            <Event type="select" receiver="list_ctrl" applyattribute="row_grid_line_width={0}" />
                        </Option>
                        <Option class="option_2" group="grid_line_row" selected="true" width="64" height="32" text="显示" padding="2,2,2,2" borderround="2,2" valign="center">
                            <Event type="select" receiver="list_ctrl" applyattribute="row_grid_line_width={1}" />
                        </Option>
                        <Line vertical="true" margin="0,8,4,8" width="2"/>
                        <Label text="纵向网格：" valign="center" margin="2,0,2,0"/>
                        <Option class="option_2" group="grid_line_column" selected="false" width="64" height="32" text="隐藏" padding="2,2,2,2" borderround="2,2" valign="center">
                            <Event type="select" receiver="list_ctrl" applyattribute="column_grid_line_width={0}" />
                        </Option>
                        <Option class="option_2" group="grid_line_column" selected="true" width="64" height="32" text="显示" padding="2,2,2,2" borderround="2,2" valign="center">
                            <Event type="select" receiver="list_ctrl" applyattribute="column_grid_line_width={1}" />
                        </Option>
                        <Line vertical="true" margin="0,8,4,8" width="2"/>
                        <Label text="每行高度：" valign="center" margin="2,0,2,0"/>
                        <RichEdit class="simple simple_border rich_edit_spin" name="list_item_height_edit" min_number="0" max_number="512" limit_text="3" text="0" margin="0,2,0,0"/>
                    </HBox>
                    <HBox minheight="18" bkcolor="bk_wnd_darkcolor" height="auto" margin="4,0,4,8">
                        <Control width="153"/>
                        <Line vertical="true" margin="8,2,4,2" width="2"/>
                        <Label text="行级CheckBox：" valign="center" margin="2,0,2,0" tooltip_text="每一行（行首）的表头和表格可以显示CheckBox"/>
                        <CheckBox class="checkbox_1" name="checkbox_show_header_checkbox" text="在表头显示" margin="4,0,0,0" valign="center"/>
                        <CheckBox class="checkbox_1" name="checkbox_show_checkbox" text="在行首显示" margin="4,0,0,0" valign="center"/>
                        <Line vertical="true" margin="8,2,4,2" width="2"/>
                        <Label text="行级图标：" valign="center" margin="2,0,2,0" tooltip_text="每一行（行首）的表头和表格可以显示图标"/>
                        <CheckBox class="checkbox_1" name="checkbox_show_icon" text="在行首显示" margin="4,0,0,0" valign="center"/>
                    </HBox>
                </GroupVBox>
                <HBox>
                    <GroupVBox text="其他测试">
                        <Button class="btn_global_color_gray" name="loading_progress_btn1" text="Loading功能测试（进度条1）" width="200" height="30" border_round="3,3" margin="20,25,10,0"/>
                        <Button class="btn_global_color_gray" name="loading_progress_btn2" text="Loading功能测试（进度条2）" width="200" height="30" border_round="3,3" margin="20,4,10,0"/>
                        <Button class="btn_global_color_gray" name="loading_btn1" text="Loading功能测试1" width="200" height="30" border_round="3,3" margin="20,4,10,0"/>
                        <Button class="btn_global_color_gray" name="loading_btn2" text="Loading功能测试2" width="200" height="30" border_round="3,3" margin="20,4,10,0"/>
                   </GroupVBox>
                    <GroupVBox text="其他测试">
                        <Button class="btn_global_color_gray" name="loading_btn3" text="Loading功能测试3" width="200" height="30" border_round="3,3" margin="20,25,10,0"/>
                        <Button class="btn_global_color_gray" name="loading_btn4" text="Loading功能测试4" width="200" height="30" border_round="3,3" margin="20,4,10,0"/>
                        <Button class="btn_global_color_gray" name="loading_btn5" text="Loading功能测试5" width="200" height="30" border_round="3,3" margin="20,4,10,0"/>
                        <Button class="btn_global_color_gray" name="loading_btn6" text="Loading功能测试6" width="200" height="30" border_round="3,3" margin="20,4,10,0"/>
                    </GroupVBox>
                </HBox>
            </HBox>
            <!-- 横向分割条，用于调整上下区域大小 -->
            <Split bkcolor="splitline_level1" height="2"/>
            <VBox margin="0,0,0,0" valign="center" halign="center">
                <ListCtrl name="list_ctrl" bkcolor="YellowGreen"
                          type="report"
                          show_header="true"
                          header_class="list_ctrl_header" 
                          header_item_class="list_ctrl_header_item"
                          header_split_box_class="list_ctrl_header_split_box"
                          header_split_control_class="list_ctrl_header_split_control"
                          header_height="32"                          
                          enable_header_drag_order="true" 
                          check_box_class="list_ctrl_checkbox"
                          data_item_class="list_ctrl_item"
                          data_sub_item_class="list_ctrl_sub_item"
                          report_view_class="list_ctrl_report_view"
                          data_item_height="46"
                          row_grid_line_width="1"
                          row_grid_line_color="lightgray"
                          column_grid_line_width="1"
                          column_grid_line_color="lightgray"
                          multi_select="true"
                          auto_check_select="false" show_header_checkbox="true" show_data_item_checkbox="true"
                          icon_view_class="list_ctrl_icon_view"
                          icon_view_item_class="list_ctrl_icon_view_item"
                          icon_view_item_image_class="list_ctrl_icon_view_item_image"
                          icon_view_item_label_class="list_ctrl_icon_view_item_label"
                          list_view_class="list_ctrl_list_view"
                          list_view_item_class="list_ctrl_list_view_item"
                          list_view_item_image_class="list_ctrl_list_view_item_image"
                          list_view_item_label_class="list_ctrl_list_view_item_label"
                          enable_item_edit="true" list_ctrl_richedit_class="list_ctrl_richedit"
                          loading="file='loading_progress1.xml' width='0' height='0' offset_x='-1' offset_y='-1' valign='center' halign='center' fade='255' animation_control='loading_animation' auto_stop='true'"/>
            </VBox>
        </VBox>
    </VBox>
</Window>