<?xml version="1.0" encoding="UTF-8"?>
<Window size="75%,75%" mininfo="80,50" use_system_caption="false" snap_layout_menu="true" sys_menu="true" sys_menu_rect="0,0,36,36" caption="0,0,0,36" shadow_attached="true" layered_window="true" alpha="255" sizebox="4,4,4,4" icon="../public/caption/logo.ico">
    <VBox bkcolor="bk_wnd_darkcolor" visible="true">    
        <!-- 标题栏区域 -->
        <HBox name="window_caption_bar" width="stretch" height="36" bkcolor="bk_wnd_lightcolor">
            <Control />
            <Button class="btn_wnd_fullscreen_11" height="32" width="40" name="fullscreenbtn" margin="0,2,0,2" tooltip_text="全屏，按ESC键可退出全屏"/>
            <Button class="btn_wnd_min_11" height="32" width="40" name="minbtn" margin="0,2,0,2" tooltip_text="最小化"/>
            <Box height="stretch" width="40" margin="0,2,0,2">
                <Button class="btn_wnd_max_11" height="32" width="stretch" name="maxbtn" tooltip_text="最大化"/>
                <Button class="btn_wnd_restore_11" height="32" width="stretch" name="restorebtn" visible="false" tooltip_text="还原"/>
            </Box>
            <Button class="btn_wnd_close_11" height="stretch" width="40" name="closebtn" margin="0,0,0,2" tooltip_text="关闭"/>
        </HBox>
        
        <!-- 工作区域，除了标题栏外的内容都放在这个大的Box区域 -->
        <Box>
            <VBox margin="0,0,0,0" valign="center" halign="center">
                <Label name="tooltip" text="一个简单窗口，带有标题栏和常规按钮。" height="100" width="100%" text_align="hcenter,vcenter"/> 
                <Button class="btn_global_blue_80x30" name="test" text="测试" tooltiptext="ui::Buttons"/>
                <RichEdit name="RichEdit" text_align="hcenter,bottom" text="" 
                          prompt_mode="true" prompt_text="这里可以输入文本" prompt_color="gray" 
                          bkcolor="white" 
                          selection_bkcolor="CornflowerBlue" inactive_selection_bkcolor="DarkGray"
                          current_row_bkcolor="SkyBlue" inactive_current_row_bkcolor="LightGray"
                          hide_selection="false" 
                          width="1000" height="500" 
                          wheel_zoom="true" 
                          single_line="true" 
                          word_wrap="false" 
                          caret_color="red" 
                          margin="4,4,4,4" 
                          vscrollbar="true" 
                          hscrollbar="true" 
                          scrollbar_float="false"
                          want_tab="true" want_return="true" want_ctrl_return="true"
                          readonly="false" no_caret_readonly="true"
                          show_password="false" password_char="*" flash_password_char="true" password="false"/>
                <!--ScrollBox vscrollbar="true" hscrollbar="true" width="200" height="100" >
                    <RichText class="rich_text" bkcolor="green" row_spacing_mul="1.5" width="300" height="auto" text_align="vcenter">      
                        <font face="微软雅黑" size="8"> 微软雅黑8号字演示 </font><font face="微软雅黑" size="24"> 微软雅黑24号字演示 </font><font face="微软雅黑" size="8"> 微软雅黑8号字演示 </font><a href="www.sohu.com">这里是超级链接：点击访问搜狐首页
                            </a>RichText文本内容   
                            3	RichText文本内容4RichText文本内容5RichText文本内容6RichText文本内容7RichText文本内容8RichText文本内容9RichText文本内容10
                    </RichText>
                </ScrollBox-->
            </VBox>
        </Box>
    </VBox>
</Window>