<?xml version="1.0" encoding="UTF-8"?>
<Window size="400,220" caption="0,0,0,35" use_system_caption="true" shadow_attached="true" layered_window="true">
  <VBox bkcolor="bk_wnd_darkcolor" width="100%" height="100%">
    <HBox name="window_caption_bar" width="stretch" height="35" bkcolor="bk_wnd_lightcolor">
      <Control width="18" height="18" bkimage="public/caption/logo.svg" valign="center" margin="8"/>
      <Label text="Controls" valign="center" margin="8" mouse_enabled="false"/>
      <Control mouse_enabled="false"/>
      <Button class="btn_wnd_close_11" name="closebtn" width="40" height="32" margin="4,0,0,0"/>
    </HBox>
    <Box>
      <VBox margin="0,0,0,0" valign="center" halign="center" width="100%" height="auto">
        <Label name="tooltip" text="nim_duilib controls example." width="stretch" text_align="center"/>
        <Label name="link" width="stretch" text="https://github.com/rhett-lee/nim_duilib" normal_text_color="blue" text_align="center" cursor_type="hand" margin="0,8"/>
      </VBox>
    </Box>
  </VBox>
</Window>
