<?xml version="1.0" encoding="UTF-8"?>
<Window size="400,220" caption="0,0,0,35" use_system_caption="true" shadow_attached="true" layered_window="true">
  <VBox bkcolor="bk_wnd_darkcolor" width="100%" height="100%">
    <HBox name="window_caption_bar" width="stretch" height="35" bkcolor="bk_wnd_lightcolor">
      <Control width="auto" height="auto" bkimage="logo_18x18.png" valign="center" margin="8"/>
      <Label text="Controls" valign="center" margin="8"/>
      <Control />
      <Button class="btn_wnd_close" name="closebtn" margin="4,6,8,0"/>
    </HBox>
    <Box>
      <VBox margin="0,0,0,0" valign="center" halign="center" width="100%" height="auto">
        <Label name="tooltip" text="nim_duilib controls example." width="stretch" align="center"/>
        <Label name="link" width="stretch" text="https://github.com/rhett-lee/nim_duilib" normal_text_color="blue" align="center" cursor_type="hand" margin="0,8"/>
      </VBox>
    </Box>
  </VBox>
</Window>
