<?xml version="1.0" encoding="UTF-8"?>
<Window size="1000,760" snap_layout_menu="true" sys_menu="true" sys_menu_rect="0,0,36,36" caption="0,0,0,36" use_system_caption="false" shadow_attached="true" layered_window="true" size_box="2,2,2,2" min_size="400,320" icon="public/caption/logo.ico">
    <!-- 整个布局放在一个VBox容器中 -->
    <!-- 布局属性：margin="left,top,right,bottom"; padding="left,top,right,bottom" -->
    <VBox bkcolor="bk_wnd_darkcolor">
        <!-- 标题栏区域 -->
        <HBox name="window_caption_bar" width="stretch" height="36" bkcolor="bk_wnd_lightcolor">
            <Control width="18" height="18" bkimage="public/caption/logo.svg" valign="center" margin="8"/>
            <Label name="window_title" text="Controls" valign="center" margin="8" mouse="false"/>
            <Control mouse="false"/>
            <Button class="btn_wnd_settings_11" height="32" width="40" name="settings" margin="0,2,0,2" tooltip_text="设置"/>            
            <Button class="btn_wnd_min_11" height="32" width="40" name="minbtn" margin="0,2,0,2" tooltip_text="最小化"/>
            <Box height="stretch" width="40" margin="0,2,0,2">
                <Button class="btn_wnd_max_11" height="32" width="stretch" name="maxbtn" tooltip_text="最大化"/>
                <Button class="btn_wnd_restore_11" height="32" width="stretch" name="restorebtn" visible="false" tooltip_text="还原"/>
            </Box>
            <Button class="btn_wnd_close_11" height="stretch" width="40" name="closebtn" margin="0,0,0,2" tooltip_text="关闭"/>
        </HBox>
        <!-- 工作区域，除了标题栏外的内容都放在这个大的VBox区域 -->
        <VBox padding="10,10,10,10">
            <!-- 第一排 -->
            <HBox height="170" padding="0,0,0,10">
                <!-- Buttons -->
                <VBox width="120">
                    <Button class="btn_global_blue_80x30" text="blue" tooltip_text="ui::Buttons"/>
                    <Button class="btn_global_white_80x30" text="white"/>
                    <Button class="btn_global_red_80x30" text="red"/>
                    <Button class="btn_global_color_gray" text="控件测试" name="test_btn" width="80" height="30" border_round="3,3" margin="0,2,0,0"/>
                    <Button class="btn_global_color_gray" name="show_color_picker" text="拾色器" width="80" height="30" border_round="3,3" margin="0,2,0,0"/>
                </VBox>
                <!-- Checkbox -->
                <VBox width="120">
                    <CheckBox class="checkbox_1" font="system_14" text="多选框1" margin="0,3,0,3" selected="true" tooltip_text="ui::Checkbox"/>
                    <CheckBox class="checkbox_1" text="多选框2" margin="0,3,0,3"/>
                    <CheckBox class="checkbox_2"  text="多选框3" margin="0,3,0,3"/>
                    <Button class="btn_global_color_gray" name="domodal2" text="模态对话框" width="130" height="30" border_round="3,3" margin="0,12,0,0"/>
                    <Button class="btn_global_color_gray" name="show_color_picker2" text="拾色器(模态)" width="130" height="30" border_round="3,3" margin="0,2,0,0"/>
                </VBox>
                <!-- Option -->
                <VBox width="120" margin="20,0,0,0">
                    <Option class="option_1" group="option_group" text="单选1" margin="0,3,0,3" selected="true" tooltip_text="ui::Option"/>
                    <Option class="option_1" group="option_group" text="单选2" margin="0,3,0,3"/>
                    <Option class="option_1" group="option_group" text="单选3" margin="0,3,0,3"/>
                    <HBox height="36">
                        <Label text="开关1" height="36" valign="center"/>
                        <CheckBox class="checkbox_toggle_1" margin="4,3,0,3"/>
                    </HBox>
                    <HBox height="36">
                        <Label text="开关2" height="36" valign="center"/>
                        <CheckBox class="checkbox_toggle_2" margin="4,3,0,3"/>
                    </HBox>
                </VBox>
                <!-- List -->
                <VListBox class="list" name="list" padding="5,3,5,3" tooltip_text="ui::VListBox">
                    <ListBoxItem class="listitem" height="20" text="ui::VListBox::ListBoxItem"/>
                </VListBox>
                <!-- TreeView -->
                <TreeView class="list" name="tree" padding="5,3,5,3" margin="8,0,0,0" indent="20" tooltip_text="ui::TreeView">
                    <TreeNode class="listitem" height="20" text="ui::TreeView Parent Node 0"/>
                    <TreeNode class="listitem" height="20" text="ui::TreeView Parent Node 1">
                        <TreeNode class="listitem" height="20" text="ui::TreeView::TreeNode 1-1"/>
                        <TreeNode class="listitem" height="20" text="ui::TreeView::TreeNode 1-3"/>
                        <TreeNode class="listitem" height="20" text="ui::TreeView::TreeNode 1-3">
                            <TreeNode class="listitem" height="20" text="ui::TreeView::TreeNode 1-3-1"/>
                            <TreeNode class="listitem" height="20" text="ui::TreeView::TreeNode 1-3-2">
                                <TreeNode class="listitem" height="20" text="ui::TreeView::TreeNode 1-3-2-1"/>
                            </TreeNode>
                        </TreeNode>
                    </TreeNode>
                    <TreeNode class="listitem" height="20" text="ui::TreeView Parent Node 2">
                        <TreeNode class="listitem" height="20" text="ui::TreeView::TreeNode 2-1"/>
                        <TreeNode class="listitem" height="20" text="ui::TreeView::TreeNode 2-2"/>
                        <TreeNode class="listitem" height="20" text="ui::TreeView::TreeNode 2-3"/>
                    </TreeNode>
                </TreeView>
            </HBox>
            <Control class="splitline_hor_level1"/>
            <!-- 第二排 -->
            <HBox height="220">
                <!-- Combo/RichEdit/FilterCombo/CheckCombo -->
                <VBox width="300" margin="0,0,10">
                    <Combo class="combo" name="combo" combo_type="drop_list" dropbox_size="0,150" height="30" margin="0,12,0,0" tooltip_text="ui::Combo"/>
                    <FilterCombo class="filter_combo" name="filter_combo" dropbox_size="0,150" height="30" margin="0,12,0,0" tooltip_text="ui::FilterCombo"/>
                    <RichEdit class="simple prompt simple_border_bottom" height="30" margin="0,3" font="system_14" 
                              text_align="vcenter" text_padding="8,4,8,4" 
                              prompt_text="ui::RichEdit: Single line text control" />
                    <CheckCombo class="check_combo" name="check_combo" height="30" margin="0,3" tooltip_text="nim_comp::CheckCombo"/>
                </VBox>
                
                <!-- 一些基本控件 -->
                <VBox height="240">
                    <HBox>
                        <!-- Progress/Slider -->
                        <VBox width="200">
                            <HBox margin="0,10" height="32">
                                <Control width="auto" height="auto" bkimage="public/animation/ani_loading.gif" valign="center"/>
                                <Progress class="progress_horizontal_blue" name="progress" value="0" margin="10" tooltip_text="ui::Progress"/>
                            </HBox>
                            <HBox margin="0,0,0,10" height="32">
                                <Control width="24" height="24" bkimage="file='set_speaker.svg' width='20' height='20' valign='center' halign='center'" valign="center"/>
                                <Slider class="slider_horizontal_green" value="70" margin="10" tooltip_text="ui::Slider"/>
                            </HBox>
                        </VBox>
                        <!-- CircleProgress -->
                        <VBox width="90" margin="10,0">
                            <CircleProgress name="circleprogress" circular="true" height="80" width="80"
                            circle_width="12" bgcolor="gray" fgcolor="green" gradient_color="red" clockwise="true"  min="0" max="100" value="75" margin="10"
                            text_padding="10,32,10,10" normal_text_color="darkcolor" indicator="file='public/progress/indicator.svg' width='12' height='12'" tooltip_text="ui::CircleProgress"/>
                        </VBox>
                        <!-- DateTime -->
                        <VBox margin="4,8,0,0">
                            <HBox child_margin="4" width="300">
                                <Label text="日期" height="24" text_align="vcenter" hot_text_color="red" pushed_text_color="blue"/>
                                <DateTime width="100%" height="24" text="2022-02-01"/>
                                <DateTime width="120" height="24" edit_format="date_up_down" />
                            </HBox>
                            <HBox child_margin="4" width="320">
                                <Label text="时间" height="24" text_align="vcenter" />
                                <DateTime width="100%" height="24" edit_format="date_time_up_down" />
                                <DateTime width="72" height="24" edit_format="minute_up_down" />
                            </HBox>
                        </VBox>
                    </HBox>
                    <!-- IPAddress / RichEdit With Spin -->
                    <HBox>                        
                        <VBox margin="10,0,0,0">
                            <HBox child_margin="10">
                                <Label text="IP地址" height="28" text_align="vcenter"/>
                                <IPAddress class="ip_address" ip="192.168.0.1"/>
                            </HBox>
                            <HBox child_margin="10">
                                <Label text="RichEdit Spin" height="28" text_align="vcenter"/>
                                <RichEdit class="simple simple_border rich_edit_spin" min_number="-64" max_number="64" limit_text="3" text="0"/>
                            </HBox>
                        </VBox>
                        <VBox margin="10,0,0,0">
                            <HBox child_margin="10">
                                <HotKey class="hot_key" name="set_hot_key" default_text="无"/>
                                <Button class="btn_global_color_gray" name="btn_set_hot_key" text="设置窗口热键" width="100%" height="28" border_round="3,3" text_align="vcenter"/>
                            </HBox>
                            <HBox child_margin="10">
                                <HotKey class="hot_key" name="set_system_hot_key" default_text="无"/>
                                <Button class="btn_global_color_gray" name="btn_set_system_hot_key" text="设置系统热键" width="100%" height="28" border_round="3,3" text_align="vcenter"/>
                            </HBox>
                        </VBox>
                    </HBox>
                    <!-- RichText / Line -->
                    <HBox child_margin="10">
                        <HBox child_margin="10">
                            <RichText class="rich_text" name="rich_text_demo" row_spacing_mul="1.2">
                                RichText:　<a href="www.baidu.com">点击访问百度首页</a><br/>
                                RichText:　<a href="www.sohu.com">点击访问搜狐首页</a>
                            </RichText>
                            <VBox width="80">
                                <HyperLink class="hyper_link" name="hyper_link1" text="百度首页" url="www.baidu.com" tooltip_text="这是一个HyperLink控件"/>
                                <HyperLink class="hyper_link" name="hyper_link2" text="文字按钮" url="" tooltip_text="这是一个HyperLink控件"/>
                            </VBox>
                        </HBox>
                        <HBox child_margin="10">
                            <Label text="Line:" valign="center" />
                            <VBox>
                                <Line vertical="false" line_color="blue" dash_style="solid" line_width="2"/>
                                <Line vertical="false" line_color="red" dash_style="dash" line_width="2"/>
                                <Line vertical="false" line_color="green" dash_style="dot" line_width="2"/>
                                <Line vertical="false" line_color="black" dash_style="dash_dot" line_width="2"/>
                                <Line vertical="false" line_color="orange" dash_style="dash_dot_dot" line_width="2"/>
                            </VBox>
                            <VBox>
                                <HBox margin="0,4,0,4">
                                    <Line vertical="true" line_color="blue" dash_style="solid" line_width="1"/>
                                    <Line vertical="true" line_color="red" dash_style="dash" line_width="1"/>
                                    <Line vertical="true" line_color="green" dash_style="dot" line_width="1"/>
                                    <Line vertical="true" line_color="black" dash_style="dash_dot" line_width="1"/>
                                    <Line vertical="true" line_color="orange" dash_style="dash_dot_dot" line_width="1"/>
                                </HBox>
                            </VBox>
                        </HBox>
                    </HBox>
                </VBox>
            </HBox>
            
            <!-- 分割线 -->
            <Control class="splitline_hor_level1" margin="0,8,0,4"/>
            <!-- RichEdit -->
            <HBox>
                <RichEdit class="prompt" name="edit" bkcolor="white" width="stretch" height="stretch"
                            hide_selection="false" multiline="true" auto_vscroll="true"
                            vscrollbar="true" hscrollbar="true" 
                            want_return_msg="true" rich="false" 
                            loading_image="file='autumn.png'" 
                            loading_bkcolor="blue"/>
                <RichEdit class="prompt" name="edit2" bkcolor="white" width="stretch" height="stretch"
                            hide_selection="false" multiline="true" auto_vscroll="true"
                            vscrollbar="true" hscrollbar="true" scrollbar_float="true"
                            vscrollbar_class="vscrollbar2" hscrollbar_class="hscrollbar2"
                            vscrollbar_style="auto_hide_scroll='false'" hscrollbar_style="auto_hide_scroll='false'"
                            want_return_msg="true" rich="false" 
                            margin="4,0,0,0"/>
            </HBox>
        </VBox>
    </VBox>
</Window>